:020000040800F2
:10000000A82700207DE10008C9B90008C9BA000886
:10001000FDBB000801BC000805BC00080000000092
:1000200000000000000000000000000049E200089D
:1000300009BC0008000000004DE2000851E2000881
:1000400055E2000859E200085DE2000817BC00080C
:1000500061E2000865E20008E7C500080BC6000879
:100060002FC6000853C6000877C6000869E20008DA
:100070006DE2000871E20008C5C5000875E20008DD
:1000800079E200087DE20008EFBC000881E2000888
:1000900085E2000889E200088DE200089BC600089E
:1000A00091E2000895E2000899E200089DE200084C
:1000B000A1E20008A5E200080BBC0008A9E20008C4
:1000C000ADE20008B1E20008B5E20008B9E20008BC
:1000D000BDE20008C1E20008C5E20008C9E200086C
:1000E00033C70008CDE20008D1E20008D5E20008DD
:1000F000D9E20008DDE20008E1E20008E5E20008DC
:10010000E9E20008DDC50008EDE20008F1E20008C0
:10011000F5E20008F9E20008FDE2000801E300084A
:10012000C7C5000805E3000809E30008D3C50008B7
:100130000DE3000815BC000811E3000815E30008F2
:1001400019E300081DE3000821E3000825E3000887
:1001500029E30008C9C50008C3C500082DE300084D
:1001600031E3000835E3000839E300083DE3000807
:1001700041E3000845E3000849E3000800000000EF
:100180004DE30008EDBC0008424F4F540000000052
:100190000100000003000000010000000000010851
:1001A000000000014204206900000000010000007E
:1001B000000000010000000000000000000000003E
:1001C0004178007850EA012080B27047C178827887
:1001D00052EA0122417851EA0221007850EA0120D6
:1001E00070470170401C89B2090A0170401C7047B9
:1001F0000170401C090A0170401C090A0170401C72
:10020000090A0170401C7047002A06D00B78037061
:10021000491C401C521E002AF8D170470170401C36
:10022000521E002AFAD1704710B4030000201C7837
:100230000878201A491C5B1C521E002A01D0002895
:10024000F5D010BC704700E0401C0278002A02D0B4
:1002500002788A42F8D10078704770B40200002317
:100260001C0001E00123641C022C16D2DFF8885A1E
:10027000200128580028F5D0200128581668B042DF
:10028000F1D12001284440689668B042EBD12001AA
:10029000284480685569A842E5D1022C08D1002B7A
:1002A00001D1022901D1002000E01220C0B20DE0EE
:1002B000002907D1DFF8400A210108448089B0F500
:1002C000807F01D1102000E00020C0B270BC7047D8
:1002D000002100E0491C022905D2DFF81C0A0A01AE
:1002E00080580028F6D1022901D1002000E0012029
:1002F000704730B40200002300E05B1C022B12D2D6
:10030000DFF8F4091C0104591568AC42F5D11C0151
:10031000044464689568AC42EFD11C0120448068B5
:100320005469A042E9D1022B1FD1002300E05B1CDD
:10033000022B05D2DFF8C0091C0100590028F6D1B4
:10034000022B01D100202DE0DFF8AC0914681D015B
:10035000445194681D0105446C6052691C010444B9
:10036000A26000221C0120448281002908D0DFF80D
:1003700088091A0110448089002801D0002011E06A
:10038000002902D04FF4807005E0DFF86C091901F4
:1003900008448089401CDFF860191A0111448881E3
:1003A0005B1C180030BC7047401E02281AD2DFF8D0
:1003B0004839010119448A89110089B2B1F5807F59
:1003C00000D10022110089B2002900D0521E010183
:1003D00019448A8192B2002A02D1002100011950E9
:1003E000002000E00220C0B2704710B4002109E0F4
:1003F000DFF804290B01D358834202D100230C01FA
:100400001351491C0229F3D310BC7047F8B50500FD
:100410000024E878002820D02E6B0123320015F14B
:100420003401687802F06BF8002801D0012414E050
:100430000020E870686A301AE96988420DD2AF7806
:1004400009E0E86986190123320015F13401687862
:1004500002F055F87F1E022FF3D22000C0B2F2BD89
:1004600070B504000D000026206B854214D02000DA
:10047000FFF7CCFF06003000C0B200280CD10123EA
:100480002A0014F13401607802F02AF8002802D022
:100490005FF0FF35012625633000C0B270BD38B56E
:1004A00004002000FFF7B2FF05002800C0B20028BA
:1004B0003CD12078032831D1207901282ED14FF466
:1004C0000072002114F13400FFF7A8FE4AF655210E
:1004D00004F23220FFF785FEDFF8201814F1340013
:1004E000FFF786FEDFF8181814F50670FFF780FE98
:1004F000616914F50770FFF77BFE216914F5087038
:10050000FFF776FE206A401C20630123226B14F162
:100510003401607801F0F3FF0020207100220021F7
:10052000607801F0FBFF002800D001252800C0B250
:1005300032BD891E8269921E914201D3002004E0DF
:100540004289C06A02FB0101080070472DE9F041B1
:100550000C000568022C02D3A869844202D35FF024
:10056000010859E05FF0FF382878012804D051D302
:1005700003283CD02AD34DE0270017EB5707696AC0
:1005800011EB57212800FFF76BFF002844D1F80535
:10059000C00D284490F834607F1C696A11EB572124
:1005A0002800FFF75DFF002836D1FF05FF0D05EBA2
:1005B000070090F8340056EA0026E00702D5360915
:1005C000B04602E03605360DB04625E0696A11EB0B
:1005D00014212800FFF744FF00281DD16000C0054A
:1005E000C00D28443430FFF7EBFD804614E0696A03
:1005F00011EBD4112800FFF733FF00280CD1A00025
:10060000C005C00D28443430FFF7E0FD804628F0D7
:10061000704801E05FF001084046BDE8F0812DE937
:10062000F04107000D0016000224022DC0F0848066
:10063000B869854280F080803878012804D07BD367
:1006400003285AD042D377E0A84618EB5808796AB5
:1006500011EB58213800FFF703FF04002000C0B25F
:10066000002869D15FEAC850C00D3844343018F111
:100670000108E90705D5017811F00F0151EA0611CB
:1006800000E0310001700120F870796A11EB582107
:100690003800FFF7E5FE04002000C0B200284BD16F
:1006A0005FEAC8585FEAD85807EB08003430E9071A
:1006B00001D5360906E0017811F0F001360A16F08E
:1006C0000F060E4306700120F87035E0796A11EBD1
:1006D00015213800FFF7C4FE04002000C0B2002836
:1006E0002AD1310089B26800C005C00D38443430C9
:1006F000FFF777FD0120F8701EE0796A11EBD51144
:100700003800FFF7ADFE04002000C0B2002813D16E
:10071000A800C005C00D38443430FFF757FD000F66
:1007200060F31F763100A800C005C00D3844343096
:10073000FFF75EFD0120F8702000C0B2BDE8F08137
:10074000F8B505000F00110000202E68022F02D31B
:10075000B069874201D3022032E0002928D05FF03F
:10076000FF323000FFF75BFF0100C9B200291FD044
:10077000C0B225E0012C24D014F1010F23D00022B7
:1007800039003000FFF74BFF0100C9B200291CD12E
:100790007069B169891E884206D27069401C706117
:1007A000307950F0010030712700B069874206D2DD
:1007B00039002800FFF7CAFE0400002CDAD100201F
:1007C000F2BD0220FCE70120FAE7C0B2F8E72DE90C
:1007D000F04107000C003E68002C07D13569002D60
:1007E00002D0B069854210D301250EE02100380007
:1007F000FFF7ACFE022801D201204FE010F1010FFB
:100800004CD0B169884249D32500A84618F10108A7
:10081000B069804503D35FF0020845450ED34146D9
:100820003800FFF793FE00280AD001282CD010F1E1
:10083000010F29D0A845E9D100202FE000202DE0AC
:100840005FF0FF3241463000FFF7E9FE0100C9B218
:10085000002906D1002C04D0424621003000FFF7C9
:10086000DEFE0100C9B200290FD1C6F81080B069C0
:10087000801E7169884202D37069401E70613079B0
:1008800050F00100307108E008E0C0B2012802D148
:100890005FF0FF3801E05FF001084046BDE8F081FD
:1008A0000368C06A021D490A5889B1FBF0F003E0F1
:1008B000884207D3401A121D1168121D0029F7D172
:1008C000002001E01168081870472DE9F04105008B
:1008D0000E002F68B6F5001F02D216F01F0F01D0D0
:1008E000022045E06E61AC68002C03D13878032803
:1008F00000DBBC6A002C09D13000400939898842EC
:1009000001D3022034E0B86AE86120E0B7F80A8039
:100910004FF4007000FB08F806E0022C10D3B86911
:1009200084420DD2B6EB080646450BD321002800C1
:10093000FFF70CFE040014F1010FEED1012017E0C7
:10094000022015E021003800FFF7F3FDE861AC61FB
:10095000E869002801D102200AE0E86910EB56207E
:10096000E861F605F60D07EB06003430286200203A
:10097000BDE8F0812DE9F04106000C00D6F80080BA
:1009800077692037F069002802D0B7F5001F01D33E
:1009900004207EE0F80574D1F069401CF061B06974
:1009A000002809D138004009B8F80810884268D3F7
:1009B0000020F06104206CE0B8F80A00401E10EA44
:1009C000572F5ED1B1693000FFF7C0FD0500022D41
:1009D00001D202205DE015F1010F01D1012058E0A4
:1009E000D8F81800854246D3002C03D10020F061CE
:1009F00004204EE0B1693000FFF7E9FE0500002D4C
:100A000001D1072045E0012D01D1022041E015F17F
:100A1000010F01D101203CE04046FFF7F7FC002820
:100A200001D0012035E04FF40072002118F13400AC
:100A3000FFF7F4FB002429004046FFF77AFDC8F8D1
:100A4000300005E0641CD8F83000401CC8F83000C5
:100A5000B8F80A00844209D2012088F80300404611
:100A6000FFF7D4FC0028EDD0012012E0D8F83000C8
:100A7000041BC8F83040B56129004046FFF759FD16
:100A8000F0617761FF05FF0D08EB0700343030623D
:100A90000020BDE8F081F8B504000D0026680021B3
:100AA0002000FFF712FF0100C9B200291ED1002764
:100AB000E1693000FFF7D4FC0100C9B200290BD175
:100AC000216A0978E52903D0216A0978002904D12F
:100AD0007F1CAF4202D109E008E00027012120007D
:100AE000FFF748FF0100C9B20029E1D00100C9B2F7
:100AF000042900D10720C0B2F2BD70B504000D007A
:100B000015F11A00FFF75CFB06002078032805D1D9
:100B100015F11400FFF754FB56EA0046300070BD93
:100B200070B504000D001600310089B215F11A00ED
:100B3000FFF757FB2078032806D1360C310089B225
:100B400015F11400FFF74DFB70BD2DE9F8430700C8
:100B50000D0015F11A00FFF733FB002801D000202B
:100B600042E02E7816F03F06761E0D204643012403
:100B70005FF0000812E0FF2E27D2484680B201F055
:100B80000CFD040037F8160001F007FD761CA4B236
:100B900080B2844219D14C4618F10108B8F10D0F0A
:100BA00015D2DFF8540B10F808002844FFF708FBB3
:100BB0008146200080B20028DDD11FFA89F94FF666
:100BC000FF708145E8D000200EE000200CE028787E
:100BD000400608D5A4B2002C05D037F8160000282E
:100BE00001D0002000E00120BDE8F2832DE9F041B2
:100BF00006000C0014F11A00FFF7E2FA002801D0F9
:100C0000002034E0257835F040056D1E0D20454369
:100C100001275FF0000807E0FF2D1BD20F0026F828
:100C200015706D1C18F10108B8F10D0F14D2DFF822
:100C3000C80A10F808002044FFF7C2FA0100380083
:100C400080B20028E8D189B24FF6FF708142E9D026
:100C500000200CE000200AE02078400606D5FF2D99
:100C600001D3002003E0002026F815000120BDE894
:100C7000F0812DE9F04706000C00150063730F208A
:100C8000E07200202073002114F11A00FFF7A9FA86
:100C90002F00FFB27F1E0D2047435FF0000AD046B1
:100CA0001FFA88F84FF6FF79504680B2484502D0C7
:100CB00036F817A07F1C514689B2DFF83C0A10F8BD
:100CC00008002044FFF78DFA504680B2002800D17A
:100CD000CA4618F10108B8F10D0FE3D31FFA8AFADA
:100CE000CA4503D036F81700002801D155F0400559
:100CF0002570BDE8F087000040120020525261418B
:100D0000727241617CB5050016001C000B222800A0
:100D1000FFF77AFA062C18D33088002815D03188CE
:100D2000B61C00201028F7D222000C00A4B214F048
:100D3000010414EB420489B24908E20303D584F4A8
:100D4000883494F02104401CECE7072114F00F00D4
:100D500030300200D2B23A2A00DBC01D6A4650543D
:100D6000491E2409002CF1D17E205054002000E0BF
:100D7000401C884202D22B5C202BF9D10300581C66
:100D8000082902D2545C491C00E02024EC540828B5
:100D9000F4D373BD020000200B210300DBB25B081B
:100DA00013EBC01013781818521C491E0029F4D1F7
:100DB000C0B270472DE9F04704000D005FF0040A4F
:100DC0002668FF27B846B946E069002858D0E1698F
:100DD0003000FFF745FB82465046C0B200281ED1C6
:100DE000206A00780100C9B2002919D0216AC97AA5
:100DF00011F03F01A1710200D2B2E52A0DD002002C
:100E0000D2B22E2A09D00A00D2B232F02002082A29
:100E100009D10122D2B2AA4207D0B84627E02FE07A
:100E20005FF0040A2CE00022F4E7C9B20F2931D1A7
:100E3000410607D5216A91F80D9010F0BF00804659
:100E4000616921634146C0B2C9B288420ED14846A9
:100E5000216A497BC0B2884208D1216AF068FFF755
:100E6000C5FE002802D0B8F1010800E0B846002114
:100E70002000FFF77FFD82465046C0B20028A3D075
:100E80005046C0B2002801D00020E0615046C0B2F8
:100E9000BDE8F0875FFA88F8B8F1000F06D1206A44
:100EA000FFF778FF5FFA89F9814502D05FF0FF30E4
:100EB0002063E5E72DE9F0470400256800212000C4
:100EC000FFF703FD0100C9B2002901D0C0B27BE0E9
:100ED000FF263700B8465FF0FF39C4F83090E1696B
:100EE0002800FFF7BDFA82465046C0B2002818D14C
:100EF000206A00780100C9B2002913D0216AC97A9A
:100F000011F03F01A1710200D2B2E52A05D00A0713
:100F10000BD50A00D2B20F2A07D0B046C4F83090E1
:100F200045E04FE05FF0040A4CE0C9B20F2922D13E
:100F300094F82F1049063AD4410606D5216A4F7B12
:100F400010F0BF008046616921634146C0B2C9B25A
:100F500088420ED13800216A497BC0B2884208D14C
:100F6000216AE868FFF7F1FD002802D0B8F1010816
:100F70001DE0B0461BE05FFA88F8B8F1000F07D11A
:100F8000B846206AFFF706FF5FFA88F8804518D058
:100F900094F82F00C00707D40B2214F12401206A13
:100FA000FFF742F900280DD0B046C4F83090002178
:100FB0002000FFF7DFFC82465046C0B200288ED0EA
:100FC00000E0FFE75046C0B2BDE8F0872DE9FE43E0
:100FD00005002E6895F82F0010F0A00F01D0062014
:100FE000A5E0002700E07F1CF06830F8170000281B
:100FF000F9D10C2215F124016846FFF705F9E846FE
:1010000098F80B00C00729D5402085F82F005FF025
:10101000010901E019F10109B9F1640F0ED24B4643
:10102000F268694615F12400FFF76CFE2800FFF70F
:1010300041FF04002000C0B20028EBD0B9F1640FDA
:1010400001D1072073E02000C0B2042802D02000A4
:10105000C0B26CE098F80B0085F82F0098F80B00F0
:10106000800705D50C370D20B7FBF0F4641C00E0B9
:10107000012421002800FFF70EFD07003800C0B250
:10108000002832D1641E002C2FD06969B1EB4411C5
:101090002800FFF71AFC07003800C0B2002824D14E
:1010A00015F12400FFF776FE8046E9693000FFF76E
:1010B000D7F907003800C0B2002816D14346DBB28A
:1010C0002200D2B2296AF068FFF7D3FD0120F07048
:1010D00000212800FFF74EFC07003800C0B20028AE
:1010E00003D1641E002CE0D1FFE73800C0B2002815
:1010F0001BD1E9693000FFF7B3F907003800C0B22F
:10110000002812D120220021286AFFF787F80B223D
:1011100015F12401286AFFF777F895F82F0010F0F1
:101120001800296A08730120F0703800C0B2BDE8C9
:10113000FE832DE9F04105000C002E680020A0750B
:10114000E869002800F08580286B10F1010F24D099
:101150000027B84607E0B8F1FF0F18D204EB0801EA
:10116000887518F10108F06830F817007F1C02003C
:1011700080B200280DD00021100080B201F0E0F90B
:10118000010089B20029E6D15FF0000801E05FF0BC
:101190000008002004EB080188750021080004EB1A
:1011A0000002927DFFE70B2835D22B6A1B5C401CA6
:1011B0001E00F6B2202EF6D01E00F6B2052E00D18B
:1011C000E52309280CD11600B6B2002E03D12E2635
:1011D00004EB0107BE752E2604EB01077E72491C45
:1011E00004EB010673721600B6B2002E11D11E0078
:1011F000F6B2413E1A2E09D2092801D3102600E08A
:1012000008262F6A3F7B374200D0203304EB0106CB
:10121000B375491CC7E792B2002A08D1002004EB3D
:1012200001029075286A007B002800D1002100206F
:1012300021444872286AC07A2072286A1C30FEF75E
:10124000C5FF2060286A1630FEF7C0FFE080000C62
:10125000A080BDE8F08101684A1C026008780100A6
:1012600089B261391A2900D22038010089B2802957
:1012700005DBDFF80C1880B2084410F8800C80B24F
:101280007047F2B582B0050016001C003000461E03
:10129000002806D002A8FFF7DEFF0028F6D10020C4
:1012A0004BE02878002803D1002C01D0012044E035
:1012B000009502980190009800783F2816D0009879
:1012C00000782A2812D06846FFF7C5FF060001A85B
:1012D000FFF7C1FF07003000390080B289B28842B1
:1012E00022D1B6B2002EE6D1012026E000231A005A
:1012F0000098411C009100783F2801D1521C00E069
:101300000123009800783F28F2D0009800782A281E
:10131000EED001990098FFF7B4FF002802D10198A0
:10132000077801E0012008E002A8FFF794FF002CF5
:1013300002D0BFB2002FBBD10020FEBD2DE9F84F77
:1013400006000D002F683068C06800900024A04699
:1013500024E0010089B22F2933D0010089B25C2931
:101360002FD0FF2C36D200F0FF00012180B201F017
:10137000E7F88146484680B200282DD0484680B222
:10138000802807DA494689B2DFF8F806FEF75BFFE6
:10139000002823D1009820F81490641C17F8080046
:1013A00018F10108010089B22029D2DA07EB0801FF
:1013B000296080B2202813DA5FF0040A14E018F1E3
:1013C000010817F808102F29F9D017F808105C2920
:1013D000F5D0EBE706208BE0062089E0062087E0C9
:1013E0005FF0000A00E0641E002C0BD0009800EBB8
:1013F000440030F8020C010089B22029F3D080B2F9
:101400002E28F0D00020009921F81400002C01D1E2
:1014100006206DE00B22202116F12400FEF7FEFECF
:10142000002500E06D1C009830F815002028F9D048
:10143000009830F815002E28F4D0002D03D05AF073
:10144000030A00E0641E002C06D0009800EB440064
:1014500030F8020C2E28F5D15FF000094F46FFB29C
:101460005FF008080BE0584680B2202805D05846A7
:1014700080B22E283ED1A5423CD05AF0030A0098F3
:1014800030F815B06D1C584680B20028EBD196F8A4
:101490002400E52802D1052086F82400B8F1080FC1
:1014A00001D15FEA89094846C0B210F00C000C284F
:1014B00005D04846C0B210F00300032801D15AF00D
:1014C000020A5FEA8A7010D44846C0B210F00300E6
:1014D000012801D15AF0100A5FFA89F919F00C09B4
:1014E000B9F1040F01D15AF0080A86F82FA00020A4
:1014F000BDE8F28F474501D2A54212D1B8F10B0FDA
:1015000002D15AF0030AC2E7A54201D05AF0030AF9
:10151000AC42BCD3250008275FF00B085FEA8909BD
:10152000ADE7584680B2802812DB0021584680B2D1
:1015300001F006F88346584680B2002806D0DFF84E
:1015400040051FFA8BFB584410F880BC5AF0020A81
:10155000584680B2002807D0594689B2DFF82805DE
:10156000FEF771FE002804D05FF05F0B5AF0030A0B
:1015700010E0584680B241381A2802D259F00209C8
:1015800008E0584680B261381A2803D259F00109A0
:10159000BBF1200B06EB070080F824B07F1C6EE740
:1015A00073B5040025002E6802E00198401C0190EC
:1015B000019800782F28F8D0019800785C28F4D0A2
:1015C0000020A8600198007820281FD2802084F88D
:1015D0002F0000212000FFF778F92AE02000FFF714
:1015E00069FC94F82F200100C9B2002917D15107D6
:1015F0001DD4A879C0061BD56069C005C00D304454
:1016000010F134013000FFF778FAA86001A920003A
:10161000FFF794FE0100C9B20029DFD009E0010004
:10162000C9B2042902D1510700D4052001E000E02D
:101630000520C0B276BD10B402005FF0FF30116823
:1016400000291AD0136800E05B1C1978202902D306
:1016500019783A29F8D119783A290DD111680C78FE
:10166000303C491C0A2C06D2994204D1022C02D2E9
:101670002000591C116000E0002010BC704710B51C
:1016800004000020E0705FF0FF3020632000FEF7D0
:10169000E7FE002801D004202CE004F23220FEF7FF
:1016A0008FFD4AF65521884201D0032022E094F8AC
:1016B0003400E92807D094F83400EB2819D194F8C5
:1016C0003600902815D114F16A00FEF77FFD20F056
:1016D0007F40DFF8B813884201D100200AE014F1FE
:1016E0008600FEF773FDDFF8A813884201D10020C1
:1016F00000E0022010BD00009CE00008F8B584B0B6
:101700000F00140000213960FFF795FF0600002E3E
:1017100001D50B205EE1DFF87C0350F82650002D48
:1017200001D10C2056E13D6014F0FE042878002819
:101730000DD0687800F0ACFEC10708D4E4B2002CEC
:1017400003D0400701D50A2044E1002042E10020F7
:1017500028706E70687800F0AAFEC10701D50320DA
:1017600038E1E4B2002C03D0400701D50A2031E172
:10177000002421002800FFF782FF0100C9B20229DE
:101780002AD1002410E000200AE02001284410F5AE
:10179000F97108790028F6D011F10800FEF716FD5E
:1017A000694641F82400641C042CEED30026002E68
:1017B00000D0761E684650F82640002C04D0210048
:1017C0002800FFF75CFF00E003200100C9B20229F6
:1017D00002DB761C042EEDD30100C9B2042901D12D
:1017E0000120F7E0C0B2022801DB0D20F2E015F184
:1017F0003F00FEF7E5FCB0F5007F01D00D20E9E0E9
:1018000015F14A00FEF7DCFC0700002F04D115F1AA
:101810005800FEF7DBFC0700EF6195F84400A87064
:10182000A878012804D0A878022801D00D20D1E0A2
:10183000A878474395F8410068816889002804D05A
:1018400068896989491E084201D00D20C2E015F15E
:101850004500FEF7B5FC2881287A10F00F0F01D063
:101860000D20B7E015F14700FEF7AAFC0600002E98
:1018700004D115F15400FEF7A9FC060015F1420051
:10188000FEF79EFC0100080080B2002801D10D2067
:10189000A0E017FA81F2288912EB1012964201D2C9
:1018A0000D2097E0B61A6889B6FBF0F0002801D148
:1018B0000D208FE003264FF6F673984200D20226E1
:1018C00040F6F673984200D20126801CA8612C6273
:1018D00014FA81F068621219EA623000C0B203287B
:1018E00014D115F15E00FEF76BFC002801D00D202D
:1018F00070E02889002801D00D206BE015F1600010
:10190000FEF764FCA862A869800016E02889002818
:1019100001D10D205EE0686A3F18AF623000C0B2AE
:10192000022802D1A869400007E0A96903204143C9
:10193000287E10F0010010EB5100E96900F2FF1061
:10194000B1EB502F01D20D2044E05FF0FF30686111
:1019500068692861802028713000C0B203282ED128
:1019600015F16400FEF72CFC012828D1641C21002D
:101970002800FEF775FD002821D10020287105F20E
:101980003220FEF71DFC4AF65521884217D115F189
:101990003400FEF71BFC4049884210D115F5067053
:1019A000FEF714FC3D49884209D115F50770FEF792
:1019B0000DFC686115F50870FEF708FC28612E70B3
:1019C00037480188491C01800088E8802800FEF71C
:1019D0000CFD002005B0F0BD70B504000D00092617
:1019E000002C12D0206800280FD020680078002832
:1019F0000BD0A0882168C988884206D12068407829
:101A000000F046FDC00700D400263000C0B2002818
:101A100001D1206800E0002028603000C0B270BD15
:101A2000F3B581B01500029800906846FFF703FEF9
:101A30000600002E01D50B2020E0164F57F8264057
:101A4000002C04D02000FEF7D0FC0020207001986C
:101A5000002802D0002001990870019847F826005C
:101A60000198002802D0EDB2012D01D0002005E040
:101A7000002201A902A8FFF741FEC0B2FEBD00008E
:101A800074D300088CE10008E8E1000846415400E6
:101A90004641543314130020525261417272416125
:101AA000701300202DE9F241ADF50F7D0400170001
:101AB000002C01D1092022E117F03F073A00D2B2F1
:101AC00069468FA8FFF71AFE06003000C0B2002852
:101AD00040F00D81009801900FA80099C8608F997F
:101AE00001A8FFF75DFD06003000C0B200280FD14D
:101AF0009DF83300000601D5062609E017F0FE0F19
:101B000001D0012100E0002101A8FEF7A6FB06009C
:101B100017F01C0F5ED03000C0B2002810D030008B
:101B2000C0B2042809D1FEF7D3FB002804D001A8D5
:101B3000FFF74CFA060000E0122657F0080709E00C
:101B40009DF80A0010F0110F01D0072602E0780777
:101B500000D508263000C0B200284CD138074AD53D
:101B600000F097FD0500290009980E30FEF740FBB4
:101B7000290009981630FEF73BFB20200999C8720E
:101B800009990098FEF7B9FF05000022099900980D
:101B9000FEF7C6FF002109981C30FEF729FB012043
:101BA0000099C870002D26D00098D0F8308000220F
:101BB000290001A8FEF7C4FD06003000C0B20028CD
:101BC00019D141460098FEF74BFC06006D1E0098A7
:101BD000056110E03000C0B200280CD19DF80A0069
:101BE000C00601D5042606E0B80704D59DF80A0012
:101BF000C00700D507263000C0B2002816D138072C
:101C000001D557F040070098006B60620998A06208
:101C100017F0FE0F01D0012100E0002101A8FEF71E
:101C200068FB20612069002800D102263000C0B284
:101C300000285CD109990098FEF75FFFA060099821
:101C40001C30FEF7C3FAE0600020E06200982060DC
:101C50000098C088A0802775002060750020206251
:101C60000020A0614FF40072002114F13000FEF753
:101C7000D5FAB8063BD5E068002838D0E068A06106
:101C8000009847894FF400704743A168E5680BE06E
:101C90002000FEF75BFC0100022900D2022611F1B0
:101CA000010F00D10126ED1B3000C0B2002801D188
:101CB000AF42EDD3E1613000C0B2002817D1E80592
:101CC00015D00098FEF735FC0100002801D102264E
:101CD0000DE011EB552121620123226A14F130013C
:101CE0000098407800F0FCFB002800D0012630006E
:101CF000C0B2002801D0002020603000C0B20DF535
:101D0000107DBDE8F0812DE9FC47060088461400EF
:101D10001F000020386069463000FFF75DFE0100BB
:101D2000C9B2002904D1717D0800C9B2002901D0CF
:101D3000C0B2C8E0307DC00701D40720C3E0F1681D
:101D4000B069081AA0424FD204004DE010F1010F13
:101D50006ED0F061F1690098FEF7EBFB8246BAF1B4
:101D6000000F69D015EB0A0AA1465FEA5929B9F1BB
:101D7000000F69D00098408919EB0501884204D210
:101D800000984089A946B0EB09094B4652464146A6
:101D90000098407800F0A4FB002851D1307D000667
:101DA00013D5306AB0EB0A0048450ED24FF40072EA
:101DB00016F13001306AB0EB0A0A4FF4007000FBF4
:101DC0000AFA08EB0A00FEF71FFA4FF4007000FB56
:101DD00009F9C844B06919EB0000B061386819EB23
:101DE00000003860B4EB0904002C6BD0B069C0056A
:101DF0004AD1B06900994D896D1E15EA5025002D14
:101E0000A8D1B069002801D1B0680BE0F06A0028C1
:101E100004D0B1693000FEF743FD03E0F169300002
:101E2000FEF794FB022891D20220707502204AE04E
:101E300001207075012046E002207075022042E00A
:101E40000120707501203EE0306A50451AD0307D87
:101E500000060DD50123326A16F130010098407852
:101E600000F04DFB002825D1307D10F07F0030754B
:101E70000123524616F130010098407800F030FB03
:101E800000281BD1C6F820A0D6F818905FEAC959DF
:101E90005FEAD959D9F500794C4500D2A1464A46A6
:101EA000B069C005C00D304410F130014046FEF766
:101EB000ABF98EE701207075012004E001207075F8
:101EC000012000E00020BDE8F6877CB504006946EB
:101ED0002000FFF781FD0100C9B2002943D1217D17
:101EE000490640D5207D00060FD50123226A14F152
:101EF00030010098407800F002FB002801D001205A
:101F000032E0207D10F07F00207500F0C2FB05005C
:101F1000616A0098FEF7A4FA0100C9B2002922D133
:101F2000A66AF07A50F02000F072A26831002068B2
:101F3000FEF7F6FDE16816F11C00FEF759F92900DD
:101F400016F11600FEF754F9002116F11200FEF703
:101F500048F901200099C8700098FEF7A0FA217D89
:101F600011F0BF012175C0B276BD1CB50400200080
:101F7000FFF7ABFF0100C9B2002910D1694620006C
:101F8000FFF72AFD0100C9B2002908D12069FEF738
:101F90000BFA0100C9B2002901D100212160C0B2B1
:101FA00016BD2DE9F84F04000E0069462000FFF72A
:101FB00013FD05002800C0B2002800D1657D28006F
:101FC000C0B2002802D02800C0B23CE1E06A00287C
:101FD00000F08A8016F1010F3AD1E06A0668071D09
:101FE0005FF00208A068002820D081465FF0000A58
:101FF00018F1020883461AF1010A01002000FEF7D9
:10200000A5FA02281AD310F1010F1BD01BF1010B06
:102010005845EFD0464505D3C7F800A0391DC1F893
:1020200000900F1D009989698842DED3E06AC0F8EC
:10203000008046450AD30020386002E10220607526
:10204000022000E1012060750120FCE01125F8E08C
:10205000E068B04200D2E668A661002E00F0F18090
:10206000711E2000FEF71CFCE061E1690098FEF79C
:1020700060FA0700002F03D1022060750220E2E021
:10208000761E00984089401E10EA5620C719A069A4
:10209000C00500F0D680206A874200F0D280207D03
:1020A000000611D50123226A14F13001009840780E
:1020B00000F025FA002803D0012060750120C2E05D
:1020C000207D10F07F00207501233A0014F13001CB
:1020D0000098407800F004FA002803D001206075D1
:1020E0000120B0E02762ACE0E068B04203D2207D7E
:1020F000800700D4E668A0690027A761002E6CD095
:102100000099B1F80A804FF4007101FB08F800282B
:1021100010D0411EB1FBF8F1721EB2FBF8F28A42F8
:1021200008D3401EB8F101018843A061A069361AA6
:10213000E06915E0A068002811D100212000FEF719
:1021400046FB012803D10220607502207BE010F1DC
:10215000010F03D101206075012074E0A060E061EF
:10216000002807D139E0022831D3009989698842D3
:102170002DD2E061B0450FD2B6EB0806A16918EB8D
:102180000101A161217D890716D501002000FEF71C
:102190001EFB002814D10026A1697118A161F10568
:1021A0001BD001000098FEF7C4F90700002F12D1E0
:1021B00002206075022046E001002000FEF7C6F90B
:1021C00010F1010FCFD10120607501203BE002200A
:1021D0006075022037E017EB5627E068A169884256
:1021E00005D2A069E060207D50F040002075A06914
:1021F000C00526D0206A874223D0207D000611D555
:102200000123226A14F130010098407800F077F938
:10221000002803D001206075012014E0207D10F01B
:102220007F00207501233A0014F1300100984078B6
:1022300000F056F9002803D001206075012002E06B
:1022400027622800C0B2BDE8F28F72B5ADF5017DFE
:102250000400002C01D1092052E02500002269462B
:1022600081A8FFF74BFA06003000C0B200283FD12A
:102270000098286001A80099C86081992000FFF7A4
:102280008FF906003000C0B200282CD194F82F003E
:10229000000609D4A879C00605D5216A0098FEF782
:1022A0002CFCA86000E005263000C0B200281AD13E
:1022B0000098C088A88000212000FEF706FB0600D9
:1022C0003000C0B200280ED1A868002809D0002133
:1022D0002000FEF70EF828612869002803D1122695
:1022E00001E0002028613000C0B2042800D105269A
:1022F0003000C0B2002801D0002028603000C0B2F9
:102300000DF5027D70BD1CB5040069462000FFF785
:1023100063FB0100C9B200290BD12169002902D059
:102320002069FEF741F80100C9B2002901D100215E
:102330002160C0B216BD30B5ADF5017D05000C00C1
:1023400069462800FFF748FB0100C9B2002923D1E4
:10235000002C04D100212800FEF7B7FA1CE001A8E8
:102360000099C86000212800FEF724FD0100C9B2D1
:10237000042900D100200100C9B200290CD121009C
:102380002800FEF7D6FE00212800FEF7F3FA010030
:10239000C9B2042900D10020C0B20DF5017D30BDC5
:1023A00070B505000C0021002800FFF7C4FF0600EF
:1023B0003000C0B2002810D1002C0ED0A07D002823
:1023C0000BD00023002214F11601686BFEF759FFB1
:1023D0000028E8D03000C0B270BDFBE738B504007B
:1023E0000D00110063632000FFF72FFF0100C9B249
:1023F000002903D129002000FFF7D2FFC0B232BD6F
:1024000031B5ADF50E7D0C00002280A98EA8FFF736
:1024100075F905002800C0B2002817D168468099D8
:10242000C8608E9980A8FFF7BBF805002800C0B2ED
:1024300000280BD19DF82F02000601D5062505E0E6
:10244000002C03D0210080A8FEF773FE2800C0B244
:102450000DF50F7D30BD30B4002513E050F8042B8E
:10246000D30744BFA9F101039A18091F042942F8B0
:10247000045BFAD213468C0744BF15809B1CC90726
:1024800048BF1D7050F8041B0029E7D130BC7047CD
:1024900080B50100294A0800C0B21044007BC9B2CF
:1024A00002EB8101496849688847C0B202BD80B526
:1024B00002000020214B1100C9B2595C00290DD146
:1024C00001201100C9B258541000C0B21844007B5A
:1024D000D2B203EB8201496809688847C0B202BDE5
:1024E00038B50400154D2000C0B22844007BE4B28A
:1024F00005EB84046468A468A047C0B232BD38B557
:1025000004000E4D2000C0B22844007BE4B205EB6D
:1025100084046468E468A047C0B232BD10B503000B
:10252000064CC9B21800C0B22044007BDBB204EBF9
:1025300083035B681B699847C0B210BD98120020E6
:1025400010B4020092B2802A24DB00290ED00100D0
:1025500089B2B1F5807F01DB00201BE03B4980B2EE
:1025600001EB4000B0F58070008813E0002100E02E
:10257000491C0A0092B2802A08DA0200334B0C0090
:10258000A4B233F8143092B29A42F1D108008030EC
:1025900000F0FF0080B210BC704770B4010089B237
:1025A000B1F5805F01DA2A4907E02A4905E092B2D5
:1025B000002A02D1A4B201EB44010B888A1C190045
:1025C00089B2002905D001001C0089B2A4B2A14241
:1025D00000D237E01488911C220092B2120A04F053
:1025E000FF040500ADB22600B6B216FA83F6B54276
:1025F000DDDA92B2002A0CD0022A15D00FD3042AB9
:1026000016D013D3062A17D014D3082A18D015D3FE
:1026100018E080B29BB2C01A31F8100012E0C31A61
:1026200013F00103C01A0DE010380BE0203809E068
:10263000303807E01A3805E0083003E0503801E090
:10264000B0F5E35080B270BC7047000028CD0008A0
:1026500034CB00086CD1000810B5234C210023486E
:1026600000F075F8224908702249234800F06FF8FD
:1026700022490870012221002148FFF7D1F9010009
:102680000800C0B2002803D0C9B21E4800F069F8A3
:1026900010BD80B51C4800F083F80090684600F03B
:1026A0009DF8010000204A69503A50EA42600A69E8
:1026B000521C520512F0F0721043CA68120412F450
:1026C000F81210438A68D20212F4784210434A6822
:1026D000520112F4FC6210430968022291FBF2F1EC
:1026E00011F01F01084302BD24130020ACDF0008D5
:1026F00072130020281300206405002073130020AB
:10270000B00A0020BCDC00080013002030B4030035
:1027100001200024104CA57B022D15DA0020A57B9A
:102720006055A07B04EB80004360A07B20440273D3
:10273000A07B421CA273303008703A2048702F20D2
:1027400088700020C8700020C0B230BC704780B5CF
:102750000022FFF7DBFF02BD98120020034800684B
:1027600070470EB4002003B0704700002013002013
:1027700011B58BB00C0069460BA800F055F8059810
:1027800000F26C7020800498401CA0700398E070E8
:1027900002982071019860710098A0710CB010BD72
:1027A00000B58BB090F90610009190F905100191D9
:1027B00090F90410029190F90310039190F902101E
:1027C000491E0491B0F90000A0F26C700590002041
:1027D0000890684600F044F80BB000BD10B5044600
:1027E00000F0A6F82168BDE8104041184FF0FF3214
:1027F000002000F09FB88268521C8260426832B1AB
:102800000268531C036011704168491E41607047A3
:1028100000F08EF8296841182046BDE838404FF096
:10282000FF3200F087B8000038B505000C4618BF2D
:10283000002C00D0ECE700BF02A000F001F900205E
:1028400032BD00006C6F63616C74696D655F733AD3
:102850002062616420617267756D656E74000000AE
:102860002DE9F84306460C20316991FBF0F000EBAE
:102870004002B1EB820144BF0C31401E002847D515
:102880007269C0F100439A4249DB726980180546BB
:1028900000F0F6F8D6F804C0D6F800E0224BB7688E
:1028A0004FF4B4619CFBF1F89EFBF3F4994640F2BF
:1028B0006D11F368182201FB050597FBF2F25D1913
:1028C0005519454465191948451902EB4200A7EB13
:1028D000C0074FF461624FF4B461574301FB18CC59
:1028E00009FB0575CCEB0C1005EB8005754409FB65
:1028F0001454326A2146304600F01CF8306A002831
:10290000C8BFA4F5616400F013F8201ABDE8F28393
:10291000BBDD6FF000427369121A9A42B5DA4FF0CC
:10292000FF30BDE8F28300BF80510100209CFFFF13
:10293000002070472DE9F84F05003248DFF8C880C5
:1029400008BF324D00EB01092A6209F56160009071
:102950000FF2D4062EA701E0DDF80090B9FBF8FADB
:102960000AF10100072190FBF1F1C1EBC101401A0E
:10297000A86140F26D109AFBF0F400E0641E0021A3
:10298000204600F07DF840F26D1101FB04018A45FC
:10299000F4DBAAEB010B14F0030F6C61C5F81CB05B
:1029A00000D10CB9304600E038460C2100F1180285
:1029B00032F9023D491E9B45FADB296108FB1A9951
:1029C00030F91100ABEB0000401CE8604FF461618E
:1029D000B9FBF1F0A86001FB10993C20B9FBF0F0C5
:1029E0006860C0EB0011A9EB81002860286A00280C
:1029F00005D5284600F07AF800282862ACDC284685
:102A0000BDE8F28F807EAA8380510100141200205D
:102A100000001F003C005B0079009800B600D50064
:102A2000F400120131014F0100001F003B005A0069
:102A300078009700B500D400F300110130014E0179
:102A400080B500B906A005490B681BB12222002100
:102A5000984701E000F04DF8222002BD60130020ED
:102A6000636F6E73747261696E742068616E646CFA
:102A700065723A20626164206D65737361676500F9
:102A80000246002A04DD501E431000EB937005E05F
:102A900012F1030F04DA401002EB9070801000E096
:102AA000002012F0030F00D112B900BF09A200E00C
:102AB00002A232F9111008187047000000001F0030
:102AC0003C005B0079009800B600D500F4001201CC
:102AD00031014F0100001F003B005A0078009700B1
:102AE000B500D400F300110130014E014FF0FF306A
:102AF0007047012000F033B838B505000C00FFF72F
:102B00002DFE002C01D0002802D15FF0FF3007E03D
:102B1000012D04D0022D02D05FF0FF3000E0002034
:102B200032BD001E032802D35FF0FF3000E000201A
:102B30007047002803D0012801D0022802D15FF09D
:102B4000FF3001E05FF0FF30704710B5002403E074
:102B50002000FFF7E6FF641C032CF9DB10BD72B602
:102B6000FEE72E0010B50400002C01D1012074E016
:102B70002068DFF87015884205D04FF4AC71DFF89B
:102B8000680500F0E0FF6068002809D06068B0F5D3
:102B9000005F05D040F25911DFF84C0500F0D3FF7B
:102BA000A068002809D0A068B0F5806F05D04FF468
:102BB000AD71DFF8340500F0C6FFE068002809D0E9
:102BC000E068B0F5007F05D040F25B11DFF8180532
:102BD00000F0B9FF206900280DD02069B0F5006F22
:102BE00009D02069B0F5805F05D04FF4AE71DFF8F1
:102BF000F80400F0A8FF6069002809D06069B0F50A
:102C0000804F05D040F25D11DFF8DC0400F09BFF3F
:102C1000A069B0F5807F05D34FF4AF71DFF8C80429
:102C200000F091FF94F83400002804D100202077B0
:102C3000200000F0E1FF032084F83400200000F0C1
:102C40000DF8002801D0012007E00020A06300203B
:102C50002063012084F83400002010BD30B589B015
:102C60000400002003900020049000200590002024
:102C70000690002007907620089003A983B068464C
:102C8000182201F099F80EBC206801F0D9F8C0B202
:102C9000002801D0012039E0DFF82056002028600C
:102CA000206801F041F901202860022001F04EFD6A
:102CB000200000F093FD002807D0012184F8341093
:102CC000A16B0843A063012020E0200000F00DFD6F
:102CD000002807D0012184F83410A16B0843A063B9
:102CE000012013E04FF40071206801F001FA002880
:102CF0000BD0DFF8CC1522689163A16B0843A06369
:102D0000012084F83400012000E0002009B030BD2B
:102D10002DE9F04786B006000C001500994601F039
:102D200029FD0700A046002C05D1B06B50F00060D3
:102D3000B06301202BE196F83400012840F0228195
:102D40000020B063F06D19EB0501884205D2B06B2D
:102D500050F00070B063012019E1032086F83400C0
:102D600000203168C862706C012802D04FF40070F6
:102D700045435FF0FF3000904FF4007000FB09F016
:102D800001909020029002200390002004900120E6
:102D900005906946306801F033F9B9F1020F06D3A6
:102DA000022030632900306801F0D4F905E00120E9
:102DB00030632900306801F0B4F900280DD0DFF845
:102DC000001532689163B16B0843B063012086F847
:102DD0003400002030630120D9E0019C0E9D306852
:102DE000406B40F22A3108423AD13068406B00040F
:102DF00020D5002C1ED05FF0000A18E0306801F0EA
:102E00008BF888F8000018F10101641E0200120A14
:102E10000A70491C641E0200120C0A70491C641ED0
:102E2000000E087011F10108641E1AF1010ABAF1CE
:102E3000080FE3D301F09EFCC01BA84201D2002D75
:102E4000CDD1DFF87C0431688863B06B50F000406E
:102E5000B063012086F8340000203063032096E040
:102E60003068406BC00518D5B9F1020F15D3706CEE
:102E7000032812D0306801F0B8F900280DD0DFF82F
:102E8000401432689163B16B0843B063012086F847
:102E9000340000203063012079E03068406B000787
:102EA0000ED5DFF81C0431688863B06B50F0080061
:102EB000B063012086F8340000203063012066E012
:102EC0003068406B80070ED5DFF8F4033168886303
:102ED000B06B50F00200B063012086F8340000208F
:102EE0003063012053E03068406B80060ED5DFF878
:102EF000D00331688863B06B50F02000B0630120CC
:102F000086F8340000203063012040E03068406BD8
:102F100080022ED5002C2CD0306800F0FDFF88F800
:102F2000000018F10101641E0200120A0A70491C17
:102F3000641E0200120C0A70491C641E000E087008
:102F400011F10108641E01F015FCC01BA84201D25A
:102F5000002DDBD1DFF8680331688863B06B50F077
:102F60000040B063012086F8340000203063012067
:102F70000DE040F23A5031688863012086F8340051
:102F8000002004E0B06B50F00050B063012006B0A8
:102F9000BDE8F08770B586B005000C0011001E007A
:102FA000002C05D1A86B50F00060A863012096E0CA
:102FB00095F83400012840F091800020A863E86D66
:102FC0007218904205D2A86B50F00070A8630120DF
:102FD00085E0032085F8340000202A68D062286844
:102FE000C26B40F21A2002432868C2630FF2F55008
:102FF000EA6BD0630FF2FD50EA6BD0640020EA6BFD
:103000001065686C012802D04FF400704143022E15
:1030100005D3A0202863286801F0CEF804E09020B2
:103020002863286801F0AFF800280DD0DFF890126F
:103030002A689163A96B0843A863012085F83400CE
:103040000020286301204AE00120DFF80C16086008
:103050004020E96B8860E86B0068016831F0C001CE
:10306000E86B80680143E86B006801604FF400730F
:1030700003FB06F39B08286810F180022100E86B2F
:1030800001F015FD002814D02868C16BDFF8F8079F
:1030900001402868C1638A4829688863A86B50F09A
:1030A0008040A863012085F83400002028630120B7
:1030B00015E05FF0FF3000904FF40070464301963A
:1030C00090200290002003900020049001200590A1
:1030D0006946286800F094FF002000E0022006B056
:1030E00070BD0000002C0140FCDF000838B5040072
:1030F000256B2068406B000405D5280703D5200008
:1031000000F0CCFCD9E02068406BC00555D54FF4E9
:103110008070216888632068C16BDFF87007014008
:103120002068C1632068C06A400840002168C86206
:10313000280721D515F0220F0AD0206801F055F894
:10314000002805D0A16B0843A063200001F0B2FE67
:1031500040F23A5021688863012084F8340000204E
:10316000206315F0030F03D0200001F0ACFEA4E0B3
:10317000200001F0A4FEA0E0280640F19E80A806F1
:103180000AD5206801F031F8002805D0A16B08436A
:10319000A063200001F08EFE15F0030F40F08D803B
:1031A0002068C06A30F008002168C862012084F8F5
:1031B0003400200001F083FE7FE02068406B400473
:1031C00005D5280703D5200000F08AFC75E02068AB
:1031D000406B40F23A2108426FD02068406B800774
:1031E00003D5A06B50F00200A0632068406B00077D
:1031F00003D5A06B50F00800A0632068406B8006E8
:1032000003D5A06B50F02000A0632068406BC0067F
:1032100003D5A06B50F01000A0632068406B8005C0
:1032200003D5A06B50F00800A06340F23A7021680B
:1032300088632068C16BDFF8580601402068C163CD
:10324000206800F0D2FFA16B0843A063280708D5CF
:10325000012084F8340000202063200001F02AFEC1
:103260002BE0280629D515F0300F0CD00FF2ED30E9
:10327000E16B0865E06B01F067FC00281DD0E06B96
:1032800000F0ECF919E015F0030F0CD00FF2154027
:10329000216C0865206C01F057FC00280DD0206CD3
:1032A00000F000FA09E00020A063012084F8340057
:1032B00000202063200001F0FEFD31BDA0802542EA
:1032C000FF05400010B4426E920F0A70426E920EDB
:1032D00012F00F024A70426E120E12F003028A7050
:1032E000426E120CCA70426E120A0A71426E4A7124
:1032F000826E120DCA80826E120C12F00F020A72D8
:10330000826ED20B12F001024A72826E920B12F0A0
:1033100001028A72826E520B12F00102CA72826E30
:10332000120B12F001020A7300224A73426C002A47
:1033300040F09B80826E40F6FC7313EA8203C26EFB
:1033400053EA92730B61C26ED20E12F007020A7535
:10335000C26E120E12F007024A75C26E520D12F0C2
:1033600007028A75C26E920C12F00702CA75C26E0D
:10337000D20B12F007020A760A69521C426501223A
:10338000436D0C7E14F00704A41C12FA04F463438A
:1033900043650B7A13F00F039A408265426D836D8B
:1033A0005B0A5A43C2654FF400720266C26E920B0A
:1033B00012F001024A76C26ED20912F07F028A76BA
:1033C00090F86C2012F07F02CA76026FD20F0A7753
:1033D000026F520F12F003024A77026F920E12F040
:1033E00007028A77026F920D12F00F02CA77026FFE
:1033F000520D12F0010281F82020002281F82120D4
:10340000026F120C12F0010281F82220026FD20B1F
:1034100012F0010281F82320026F920B12F00102D8
:1034200081F82420026F520B12F0010281F825204E
:10343000026F120B12F0010281F82620026F920A2D
:1034400012F0030281F82720026F120A12F0030221
:1034500081F82820006FC0F3460081F82900012080
:1034600081F82A00002010BC7047426C012A15D157
:10347000826E120412F47C12C36E52EA13420A6185
:103480000B695B1C4FF4806253434365426DC26518
:103490004FF400728265826D026687E7DFF8F413ED
:1034A00002689163816B51F080518163012180F842
:1034B00034100120D7E7426C0A60826C4A60C26C0B
:1034C0008A60026DCA60426D0A61826D4A61C26D96
:1034D0008A61006EC8610020704778B589B0040029
:1034E0000E000025002E0BD0B6F5006F08D0B6F503
:1034F000805F05D040F6C401DFF89C0300F023FB99
:10350000032084F83400606C03281FD0B6F5805F78
:1035100004D1A06B50F08050A0631BE0B6F5006FA3
:1035200006D1200000F0D2F9A16B0843A06311E09E
:10353000002E06D1200000F0F4F9A16B0843A0632F
:1035400008E0A06B50F00060A06303E0A06B50F0B7
:103550008050A063A06B002808D0DFF838032168F2
:103560008863012084F83400012514E0606803902A
:10357000A0680490E0680590069660690790A069CD
:10358000089003A983B06846182200F015FC0EBC11
:10359000206800F055FC4FF40071206800F0A8FD91
:1035A000002807D0DFF8EC1222689163A16B084372
:1035B000A0630125012084F834002800C0B20AB0BD
:1035C00070BD1CB50400002000906946200000F08A
:1035D00067F9002802D0A16B0843A0630098C0F3EC
:1035E000432016BD806B0168C96B51F4807100687F
:1035F000C163704710B5846B01F0BEFB022829D06F
:10360000206C406DE16B496D012801D001291ED16C
:10361000A048216888632068C06B30F49D702168E1
:10362000C863A06B50F08040A0632000FFF7C9FF83
:10363000062801D0052805D1206800F0D6FDA16B31
:103640000843A063012084F8340000202063200098
:1036500001F030FC10BD00008C85254210B5846B54
:1036600040F23A50216888632000FFF7AAFF012149
:1036700084F8341000212163062801D0052805D1E3
:10368000206800F0B2FDA16B0843A063A06B002886
:1036900003D1200001F00FFC02E0200001F00AFC41
:1036A00010BD000010B5846B40F23A502168886369
:1036B0002000FFF786FF012184F8341000212163E8
:1036C000062801D0052805D1206800F08EFDA16BE9
:1036D0000843A063A06B002803D1200001F0EBFB9E
:1036E00002E0200001F0E6FB10BD18B58FB0040029
:1036F0000120ADF80C00206800F01AFC002802D16F
:103700005FF0806068E0606C032819D0206800F0EA
:1037100033FE002860D10021206800F05BFC606768
:103720000421206800F056FCA0670821206800F002
:1037300051FCE0670C21206800F04CFCC4F88000CC
:10374000606C032805D003A9206800F042FE002821
:1037500042D1606C03281DD0BDF80C002065216D9E
:103760000904206800F01FFE002835D100212068E0
:1037700000F030FC60660421206800F02BFCA0669D
:103780000821206800F026FCE0660C21206800F08B
:1037900021FC20670421206800F01CFC000DE0647F
:1037A00004A92000FFF78EFD002802D05FF08050B2
:1037B00012E0226D12040023206800F030FD002882
:1037C0000AD1211D83B06846182200F0F5FA0EBC1C
:1037D000206800F035FB002010B010BD7CB505005E
:1037E0000020009000260024286800F031FD002809
:1037F00049D1286800F043FD002807D00020A864C4
:10380000286800F025FD002802D03CE00120A864D3
:10381000A86C012818D10021286800F048FD002874
:1038200012D05FF080502EE01C49286800F058FD4F
:10383000002817D10021286800F0CCFB06003400D6
:10384000E40F0098401C00904FF6FF7000998142F1
:103850000BD2002C09D10021286800F028FD002897
:10386000E2D010E05FF080500DE00099814202D379
:103870005FF0807007E0700002D50120686401E00D
:1038800000206864002076BDE5FDFFFFC53CFFFF1A
:10389000C5FCFFFFFF054000FCDF0008000010C171
:1038A00038B505000C00002C02D15FF000600CE080
:1038B000296D0904286800F0A6FD002805D1002123
:1038C000286800F087FB2060002032BD1CB5040092
:1038D00008220021684601F0FBFA0021206800F070
:1038E00079FB800102D54FF4006019E069462000A1
:1038F00000F042F8002813D1019840030ED5216D45
:103900000904206800F0D3FC002809D102212068B6
:1039100000F0FFFC002803D1002001E05FF0806090
:1039200016BD1CB5040008220021684601F0D0FA3B
:103930000021206800F04EFB800102D54FF40060AA
:1039400019E06946200000F017F8002813D101980B
:10395000C0030ED5216D0904206800F0A8FC0028E2
:1039600009D10021206800F0D4FC002803D10020F8
:1039700001E05FF0806016BDF8B588B004000F006C
:1039800000F0F8FE0500002608220021684601F03C
:103990009FFA0821206800F0ABFB00287CD1216D44
:1039A0000904206800F083FC002875D15FF0FF3027
:1039B00002900820039030200490022005900020FF
:1039C00006900120079002A9206800F019FB2068EA
:1039D00000F0B8FC00285FD12068406B10F02A0F7F
:1039E00018D12068406B800207D5206800F094FA57
:1039F000694641F82600761C03E02068406B80048D
:103A000008D500F0B7FE401B10F1010FE4D15FF0C4
:103A1000004041E02068406B000704D50820216881
:103A20008863082038E02068406B800704D50220B6
:103A30002168886302202FE02068406B800604D54F
:103A4000202021688863202026E040F23A50216837
:103A50008863684641684268120212F47F0252EAA3
:103A600001624168090A11F47F410A43406852EA41
:103A700010623A60381D0099009A120212F47F0217
:103A800052EA01620099090A11F47F410A43009940
:103A900052EA11620260002009B0F0BDF8B50500DD
:103AA000AF6AEC6A002C1AD0002614E0286800F0F7
:103AB00033FA3870791C641E0200120A0A70491C1D
:103AC000641E0200120C0A70491C641E000E08706D
:103AD0004F1C641E761C082EE8D3AF62EC62F1BD69
:103AE000F8B505002F6A6C6A002C23D000261DE073
:103AF00038780090781C641E0099027851EA0221FF
:103B00000091401C641E0099027851EA0241009124
:103B1000401C641E0099027851EA02610091471C22
:103B2000641E6946286800F0FAF9761C082EDFD377
:103B30002F626C62F1BD000080B50A0001002248CE
:103B4000FEF70FFE01BD80B5FFF7F6FF01BD0CB417
:103B5000F8B5A2B00C00002506A91C4A92E8C800DE
:103B600081E8C80072B680B205909DF91E000490ED
:103B70009DF91D0003909DF91C0002909DF91B000A
:103B800001909DF91A000090BDF91830104A642187
:103B900009A8284401F0A6F9642109A801F0E4F974
:103BA00028AB2200D0F1640109AC204401F008FAEE
:103BB00009AA6421074801F03DFA01F01AFB23B07D
:103BC000F0BC5DF80CFB0000F8E10008A4E100087F
:103BD00044DC0008040000206548664901600021BB
:103BE0004160002181600021C1600021016100214C
:103BF00041610121816170472DE9F84F86B00400D1
:103C00001422002101A801F063F920685949884273
:103C100040F0AB80002000905748016851F40061EB
:103C20000160006810F4006000900098002000908F
:103C3000524D286850F004002860286810F00400F5
:103C40000090009800200090286850F0080028603C
:103C5000286810F00800009000984FF4F850019088
:103C60000220029000200390032004900C20059075
:103C700001A9434801F0D0FA0420019002200290EB
:103C800000200390032004900C20059001A93D48DA
:103C900001F0C2FA00220521312001F07BFA312027
:103CA00001F097FA00200090286850F48000286006
:103CB000286810F4800000900098334D3348286045
:103CC0005FF000666E600020A8600020E8604FF49E
:103CD00080672F614FF48058C5F814804FF48049F5
:103CE000C5F818902020E86100202862042068624E
:103CF0000320A8625FF4000AC5F82CA05FF4001B43
:103D0000C5F830B0280000F03BFD2564AC63204DC1
:103D1000204828606E604020A8600020E8602F6185
:103D2000C5F81480C5F818902020E86100202862AA
:103D3000042068620320A862C5F82CA0C5F830B042
:103D4000280000F01DFDE563AC63002205213B2047
:103D500001F020FA3B2001F03CFA00220521452029
:103D600001F018FA452001F034FA07B0BDE8F08FF1
:103D70002C0E0020002C0140443802403038024014
:103D800000080240000C0240B00E002058640240BF
:103D9000100F0020A064024062B38B0708D0521EAF
:103DA00011F8013B00F8013B00F024808B07F6D1AD
:103DB000830740F0208000BF103A07D330B4B1E849
:103DC0003810103AA0E83810F9D230BC530724BF9D
:103DD000B1E80810A0E8081044BF51F8043B40F8CF
:103DE000043BD20724BF31F8022B20F8022B44BF3A
:103DF0000B7803707047121F17D35B0009D151F87D
:103E0000043B20F8023B1B0C121F20F8023BF6D2A9
:103E10000BE051F8043B00F8013B1B0A20F8023B81
:103E20001B0C121F00F8013BF3D238BF121D521EAB
:103E300024BF11F8013B00F8013BF8D8704700009F
:103E40000EB430B504000025DFF8E408844204D045
:103E5000DB21DFF8E008FFF776FE0398002808D0A2
:103E60000398B0F5005F04D0DC21DFF8C808FFF745
:103E70006AFE0498002808D00498B0F5806F04D03A
:103E8000DD21DFF8B008FFF75EFE0598002808D0B6
:103E90000598B0F5007F04D0DE21DFF89808FFF721
:103EA00052FE069800280CD00698B0F5006F08D096
:103EB0000698B0F5805F04D0DF21DFF87808FFF7BF
:103EC00042FE0798002808D00798B0F5804F04D02C
:103ED000E021DFF86008FFF736FE0898B0F5807F34
:103EE00004D3E121DFF84C08FFF72DFE0399049875
:103EF0000143059801430698014307980143089838
:103F000001430D436168DFF8300801400D436560EF
:103F1000002030BC5DF810FBD0F8800070470968C5
:103F2000C0F8801000207047032101600020704716
:103F3000006810F00300704770B504000E00002503
:103F40007068402805D340F26711DFF8E807FFF7F3
:103F5000FAFDB06800280BD0B068402808D0B068DF
:103F6000C02805D04FF4B471DFF8C807FFF7EBFDA8
:103F7000F06800280DD0F068B0F5807F09D0F068B7
:103F8000B0F5007F05D040F26911DFF8A807FFF710
:103F9000DAFD3069002809D03069B0F5806F05D0AE
:103FA0004FF4B571DFF88C07FFF7CDFD3068A060E6
:103FB0007168B0680143F0680143306901430D4303
:103FC000E068000B00030543E560002070BD006958
:103FD000C0B2704738B505000C00002C0BD0042C83
:103FE00009D0082C07D00C2C05D04FF4CB71DFF88A
:103FF0004407FFF7A8FD15F114002418206832BD0E
:1040000070B505000C0000266068B0F1007F05D394
:1040100040F2AB11DFF81C07FFF795FDA068002800
:104020002FD0A06810282CD0A068202829D0A06804
:10403000302826D0A068402823D0A068502820D05F
:10404000A06860281DD0A06870281AD0A0688028B9
:1040500017D0A068902814D0A068A02811D0A0681C
:10406000B0280ED0A068C0280BD0A068D02808D0F7
:10407000A068E02805D04FF4D671DFF8B806FFF746
:1040800062FDE068002808D0E068022805D040F210
:10409000AD11DFF8A006FFF756FD2069002808D013
:1040A0002069042805D04FF4D771DFF88806FFF7A0
:1040B0004AFD6069002808D06069012805D040F2F7
:1040C000AF11DFF87006FFF73EFD20686862606898
:1040D000A862A168E0680143206901436069014367
:1040E0000E43E86A30F0F7000643EE62002070BD30
:1040F00018B585B004000091102001904020029076
:10410000002003904FF48060049069462000FFF780
:1041100013FF40F6B8321021200000F08DF906B0F0
:1041200010BD18B585B00400009111200190402009
:104130000290002003904FF48060049069462000B4
:10414000FFF7FAFE40F6B8321121200000F074F9B2
:1041500006B010BD18B585B0040000911220019082
:1041600040200290002003904FF480600490694644
:104170002000FFF7E1FE40F6B8321221200000F0E7
:104180005BF906B010BD18B585B004000091182089
:10419000019040200290002003904FF48060049032
:1041A00069462000FFF7C8FE40F6B832182120000B
:1041B00000F042F906B010BD18B585B004000091BA
:1041C0001920019040200290002003904FF480605D
:1041D000049069462000FFF7AFFE40F6B83219217F
:1041E000200000F029F906B010BD18B585B0040014
:1041F000002000900C2001904020029000200390AD
:104200004FF48060049069462000FFF795FEDFF8C8
:104210002C250C21200000F00FF906B010BD18B5B8
:1042200085B00400009207200190402002900020F9
:1042300003904FF48060049069462000FFF77CFEF5
:1042400040F6B8320721200000F0F6F806B010BDA5
:1042500018B585B0040000200090002001900020D7
:104260000290002003904FF4806004906946200083
:10427000FFF762FE200000F041FA06B010BD18B54D
:1042800085B004004FF4D5700090082001904020C4
:104290000290002003904FF4806004906946200053
:1042A000FFF74AFE200000F0FCF906B010BD18B57B
:1042B00085B004000091372001904020029000203A
:1042C00003904FF48060049069462000FFF734FEAD
:1042D00040F6B8323721200000F0AEF806B010BD2D
:1042E00018B585B00400DFF8580401430091292077
:1042F000019040200290002003904FF480600490D1
:1043000069462000FFF718FE200000F05BF906B0B8
:1043100010BD18B585B00400009106200190402022
:104320000290002003904FF48060049069462000C2
:10433000FFF702FE40F6B8320621200000F07CF8BC
:1043400006B010BD18B585B00400002000903320E1
:10435000019040200290002003904FF48060049070
:1043600069462000FFF7E8FD40F6B832332120000F
:1043700000F062F806B010BD18B585B0040000204A
:10438000009002200190C0200290002003904FF482
:104390008060049069462000FFF7CEFD200000F009
:1043A000E7F806B010BD18B585B0040000910920EB
:1043B0000190C0200290002003904FF48060049090
:1043C00069462000FFF7B8FD200000F0D1F806B0E4
:1043D00010BD30B585B004000D0000200090032012
:1043E000019040200290002003904FF480600490E0
:1043F00069462000FFF7A0FD2A000321200000F0FD
:1044000004F905B030BD18B585B0040000910D2049
:10441000019040200290002003904FF480600490AF
:1044200069462000FFF788FD40F6B8320D212000D4
:1044300000F002F806B010BDF8B504000D0016003B
:10444000DFF800030068C0084FF47A71B0FBF1F0A8
:1044500000FB06F0002000F08DF9070000F08AF95B
:10446000C01B86420CD3606B10F0450FF6D00005E0
:10447000F4D4606B400706D50420A063042076E0E6
:104480005FF0004073E0606BC00703D50120A063BC
:1044900001206CE0C520A0632000FFF798FDEDB27D
:1044A000A84201D0012062E000212000FFF792FD28
:1044B000A549084201D1002059E0002802D55FF04B
:1044C000007054E0410001D5402050E0810001D54A
:1044D00080204CE0C10002D54FF4807047E001011C
:1044E00002D54FF4007042E0410102D54FF48060E4
:1044F0003DE0C10102D54FF4006038E0010202D571
:104500004FF4805033E0410202D54FF400502EE0CA
:10451000810202D54FF4804029E0C10202D54FF458
:10452000004024E0410302D55FF400301FE0810326
:1045300002D55FF480201AE0C10302D55FF40020A9
:1045400015E0010402D55FF4801010E0410402D5AB
:104550005FF400100BE0810402D55FF4800006E0F8
:10456000000702D55FF4000001E05FF48030F2BD87
:1045700074490968C9084FF47A72B1FBF2F240F647
:10458000B8314A43002111004A1E00290CD0416B6A
:1045900011F0450FF7D00905F5D4416B490706D551
:1045A0000421816304200CE05FF0004009E0416BCE
:1045B000C90703D501218163012002E0C521816380
:1045C000002070475F490968C9084FF47A72B1FB4F
:1045D000F2F240F6B8314A43012111004A1E002987
:1045E0000CD0416B11F0450FF7D00905F5D4416BA4
:1045F000490706D504218163042005E05FF00040EF
:1046000002E0C52181630020704770B505000E00EF
:1046100014004C480068C0084FF47A71B0FBF1F107
:1046200040F6B830414300200800411E00280CD05D
:10463000686B10F0450FF7D00005F5D4686B4007A4
:1046400006D50420A86304202AE05FF0004027E09C
:10465000686BC00703D50120A863012020E0280073
:10466000FFF7B5FCF6B2B04201D0012018E0C5203A
:10467000A86300212800FFF7ADFC10F4604F03D1C0
:10468000000C208000200BE0410402D54FF40050C4
:1046900006E0000402D54FF4805001E05FF4803062
:1046A00070BD28490968C9084FF47A72B1FBF2F26B
:1046B00040F6B8314A43002111004A1E00290CD0AF
:1046C000416B11F0450FF7D00905F5D4416B49074F
:1046D00006D50421816304200FE05FF000400CE068
:1046E000416BC90703D501218163012005E0416BBE
:1046F000490601D5402181630020704711490968AE
:10470000C9084FF47A72B1FBF2F240F6B8314A436D
:10471000002111004A1E002906D0416B0906F8D578
:10472000C5218163002070475FF00040FBE7000077
:10473000002C01401CDF00080081FFFF00E1F505AF
:10474000000010805805002008E0FFFD38B5040087
:1047500000F010F8050014F1010F02D004480078B1
:10476000241800F007F8401BA042FAD331BD00BF67
:10477000AD06002001480068704700BF38130020D4
:1047800038B504000020FFF7F5FF0500002C01D12B
:1047900001208BE12068DFF8441688424FD0206862
:1047A000DFF83C1688424AD02068DFF83816884285
:1047B00045D02068DFF83016884240D02068DFF806
:1047C0002C1688423BD02068DFF82416884236D069
:1047D0002068DFF82016884231D02068DFF81816EC
:1047E00088422CD02068DFF81416884227D0206831
:1047F000DFF80C16884222D02068DFF808168842BD
:104800001DD02068DFF80016884218D02068DFF835
:10481000FC15884213D02068DFF8F41588420ED0CA
:104820002068DFF8F015884209D02068DFF8E81525
:10483000884204D0B721DFF8E405FFF784F9606807
:10484000002820D06068B0F1007F1CD06068B0F113
:10485000806F18D06068B0F1C06F14D06068B0F19C
:10486000006F10D06068B0F1206F0CD06068B0F1BC
:10487000406F08D06068B0F1606F04D0B821DFF8F5
:104880009C05FFF760F9A06800280AD0A0684028BE
:1048900007D0A068802804D0B921DFF88005FFF791
:1048A00052F9E068B0F5007F07D0E068002804D036
:1048B000BA21DFF86805FFF746F92069B0F5806F87
:1048C00007D02069002804D0BB21DFF85005FFF78E
:1048D0003AF9606900280CD06069B0F5006F08D023
:1048E0006069B0F5805F04D0BC21DFF83005FFF7C8
:1048F0002AF9A06900280CD0A069B0F5005F08D0A3
:10490000A069B0F5804F04D0BD21DFF81005FFF796
:104910001AF9E06900280BD0E069B0F5807F07D074
:10492000E069202804D0BE21DFF8F004FFF70BF97E
:10493000206A002810D0206AB0F5803F0CD0206A91
:10494000B0F5003F08D0206AB0F5403F04D0BF2149
:10495000DFF8C804FFF7F7F8606A002807D0606A3C
:10496000042804D0C021DFF8B404FFF7ECF8606A33
:10497000002838D0A06A00280DD0A06A01280AD0EB
:10498000A06A022807D0A06A032804D0C521DFF856
:104990008C04FFF7D8F8E06A002810D0E06AB0F580
:1049A000000F0CD0E06AB0F1807F08D0E06AB0F16F
:1049B000C07F04D0C621DFF86404FFF7C4F8206B81
:1049C000002810D0206BB0F5001F0CD0206BB0F584
:1049D000800F08D0206BB0F5C00F04D0C721DFF8DE
:1049E0003C04FFF7B0F8022084F83500002084F87A
:1049F0003400206800684008400021680860206892
:104A00000068C0070BD5FFF7B5FE401B0628F6D39C
:104A100020206065032084F83500032046E02068EC
:104A20000168DFF8FC0301406268A0680243E068A7
:104A300002432069024360690243A0690243E069BE
:104A40000243206A02431143606A042803D1E26AE8
:104A5000206B024311432068016020684569ED081E
:104A6000ED00606A0543606A042810D1A06A05431E
:104A7000E06A00280BD0200000F0D8F9002806D00A
:104A800040206065012084F8350001200EE0206898
:104A90004561200000F089F93F22E16D8A40826083
:104AA00000206065012084F83500002032BD2DE92A
:104AB000F8430500884691461C000026AF6D002C87
:104AC00002D0B4F5803F05D340F2CB11DFF84C03A0
:104AD000FFF739F895F83400012801D1022031E0C0
:104AE000012085F8340095F83500012824D10220F2
:104AF00085F835000020686523004A4641462800B5
:104B000000F03CF93F21E86D8140B96028680068F9
:104B100050F0160029680860286C002805D0286825
:104B2000006850F00800296808602868006850F0A4
:104B300001002968086003E0002085F8340002269F
:104B40003000C0B2BDE8F28390F83510022903D0DE
:104B500080214165012009E0052180F835100168B8
:104B60000968490849000068016000207047F8B5ED
:104B7000040000200090DFF8AC0200684FF41651EA
:104B8000B0FBF1F5A66D37680821E06D11FA00F071
:104B9000074210D02068006840070CD520680068E4
:104BA00030F0040022681060E06D8140B160606DFB
:104BB00050F001006065E06D3900C140C8070BD5B9
:104BC00020684069000607D50121E06D8140B16091
:104BD000606D50F0020060650421E06D11FA00F094
:104BE00007420AD020680068800706D5E06D814042
:104BF000B160606D50F0040060651021E06D11FA45
:104C000000F007422CD020680068000728D5E06D2E
:104C10008140B16020680068400311D520680068B9
:104C2000000306D4206C00281AD02000216C88478D
:104C300016E0A06C002813D02000A16C88470FE07C
:104C400020680068C00505D42068006830F00800BE
:104C500021680860206C002802D02000216C884761
:104C60002021E06D11FA00F007425FD02068006853
:104C7000C0065BD5E06D8140B16094F83500052831
:104C800028D12068006830F016002168086020688C
:104C9000406930F0800021684861206C002802D112
:104CA000A06C002805D02068006830F0080021685A
:104CB00008603F21E06D8140B160012084F835003B
:104CC000002084F83400206D002802D02000216DDF
:104CD000884750E020680068400311D520680068CC
:104CE000000306D4606C002820D02000616C884747
:104CF0001CE0E06B002819D02000E16B884715E02C
:104D000020680068C0050BD42068006830F01000EF
:104D100021680860012084F83500002084F8340000
:104D2000E06B002802D02000E16B8847606D00280E
:104D300021D0606DC00718D5052084F835002068A3
:104D4000006840084000216808600098401C0090FE
:104D5000854204D320680068C007F6D4FFE701202D
:104D600084F83500002084F83400E06C002802D07C
:104D70002000E16C8847F1BD406D704730B4046895
:104D8000246834F4802405682C60046863608368B8
:104D9000402B04D103689A600068C16003E0036897
:104DA00099600068C26030BC7047017801F0FF0173
:104DB00010391822B1FBF2F11B4A525CC26504297A
:104DC00005D30168890A8902091D816503E001682C
:104DD000890A89028165806D704700001060024079
:104DE000286002404060024058600240706002400B
:104DF00088600240A0600240B86002401064024037
:104E000028640240406402405864024070640240DA
:104E100088640240A0640240B8640240D4DF000805
:104E20003F8010F058050020F0E10008020000204B
:104E3000936A9169002914D1002B05D0022B03D06D
:104E400007D3032B0BD00BE0D16AC90100D5012099
:104E50002EE0D16AB1F1C07F00D1012028E027E027
:104E600026E09169B1F5005F15D1002B05D0022B2A
:104E700003D004D3032B07D00CE0012018E0D16A43
:104E8000C90100D5012013E0D16AB1F1C07F00D182
:104E900001200DE00CE0002B022B02D9DB1E02D01A
:104EA00006E0012004E0D16AC90100D50120FFE736
:104EB000C0B27047704780B500F009F801BD80B5F9
:104EC00000F0F2FC01BD80B500F0EFFC01BD7047C1
:104ED00010B5044610460A460146204600F0E6FC9E
:104EE000204610BD08B410B5002818BF002985B0B1
:104EF00005D0B1F1004F02D25AB90021017000BFB4
:104F000012A0FDF79DFD05B010BC4FF0FF305DF81D
:104F100008FB0290491E039107AB01210193009108
:104F20000024049401AB02A9074878441A3000F029
:104F3000F1FC029901B10C70002858BF049805B02B
:104F400010BC5DF808FB00BFAFD8FFFF736E707236
:104F5000696E74665F733A2062616420617267757E
:104F60006D656E7400000000030027D0820707D033
:104F7000491E26BF10F8012B012A1DE08207F7D138
:104F800004290ED90268091F22BFA2F1013C2CEAB4
:104F9000020C1CF0803F04BF50F8042FF3E701F12E
:104FA0000401491E28BF10F8012B21BF012AB1F1CD
:104FB000010110F8012BF8E7491C984170470000E7
:104FC0001CB5002818BF002984B005D0B1F1004FEE
:104FD00002D242B9002101700FA0FDF731FD4FF060
:104FE000FF3006B010BD491E0291019001210091D1
:104FF0000024039405AB01A906487844163000F05C
:1050000089FC019901B10C70002858BF039806B0C3
:1050100010BD00BFE3D7FFFF76736E7072696E74C8
:10502000665F733A2062616420617267756D656EB8
:105030007400000070B506000D4618BF002D144620
:1050400002D0B5F1004F03D30E48784436300EE05D
:1050500054B1204601F040FCA84205D220448642CB
:105060003CBF7019844206D20020307006A0BDE813
:105070007040FDF7E5BC2146304601F049FC0020B8
:1050800070BD00BF808C00007374726370795F73B1
:105090003A2062616420617267756D656E7400000C
:1050A00010F00700DFF854311A684FF6FF010A408C
:1050B000DFF84C1151EA00210A431A607047DFF80B
:1050C0003C010068C0F302207047010049B200298A
:1050D00009D4012210F01F018A40DFF8281140B2E4
:1050E000400941F820207047020052B2002A05D43E
:1050F0000901DFF8142140B2115408E00901DFF87A
:105100000C2140B210F00F00104400F8041C70474E
:1051100010B410F00700D0F10703052B01D30423CE
:1051200001E0D0F10703041D072C01D2002000E0AC
:10513000C01E012414FA03F35B1E1940814014FAC7
:1051400000F0401E1040084310BC7047BFF34F8F63
:10515000DFF8A8100A6812F4E062DFF8B400024336
:105160000A60BFF34F8F00BFFDE710B50400072CA6
:105170000CD0062C0AD0052C08D0042C06D0032C09
:1051800004D09021DFF88C00FEF7DDFC2000FFF753
:1051900087FF10BD70B504000D0016000020102E12
:1051A00004D3A821DFF86C00FEF7CDFC102D04D34A
:1051B000A921DFF86000FEF7C6FCFFF780FF320090
:1051C0002900FFF7A5FF0100200040B2FFF78CFF88
:1051D00070BD10B50400200040B2002804D5BC21E9
:1051E000DFF83000FEF7AFFC200040B2FFF76DFFA4
:1051F00010BD80B5FFF7AAFF01BD00000CED00E077
:105200000000FA0500E100E000E400E018ED00E035
:105210000400FA058CDE00082DE9F84304008846F6
:10522000002000200020DFF8D454AC4224D0DFF866
:10523000D004844220D0DFF8CC0484421CD0DFF8B4
:10524000C804844218D0DFF8C404844214D0DFF8C4
:10525000C004844210D0DFF8BC0484420CD0DFF8D4
:10526000B804844208D0DFF8B404844204D0AC21EE
:10527000DFF8AC04FEF767FCD8F80000000405D0A6
:10528000D8F80000000C0004002804D0AD21DFF89D
:105290009004FEF758FCD8F80400002836D0D8F85F
:1052A0000400012832D0D8F8040011282ED0D8F8F4
:1052B000040002282AD0D8F80400122826D0D8F8F2
:1052C0000400B0F5881F21D0D8F80400B0F5041F01
:1052D0001CD0D8F80400B0F5441F17D0D8F804004B
:1052E000B0F5901F12D0D8F80400B0F5081F0DD00B
:1052F000D8F80400B0F5481F08D0D8F804000328F7
:1053000004D0AE21DFF81804FEF71DFC00263BE0B8
:10531000082304E0DFF800048442F9D10723DBB25C
:1053200016F00300C0B2800083401A4330008008AA
:1053300041F82020DFF8EC130868B843D8F80420BF
:10534000D20200D538430860DFF8DC130868B843A0
:10535000D8F80420920200D538430860DFF8CC1357
:105360000868B843D8F80420920300D53843086091
:10537000DFF8BC130868B843D8F80420D20301D57D
:10538000074338000860761C102E80F07B815FF0A8
:10539000010919FA06F0D8F8007007408742F2D1E7
:1053A00098F8040010F00300012805D098F80400D4
:1053B00010F0030002282FD1D8F80C00002810D0DC
:1053C000D8F80C0001280CD0D8F80C00022808D01E
:1053D000D8F80C00032804D0C021DFF84403FEF7FE
:1053E000B2FBA16803223000C0B24000824091436A
:1053F000D8F80C203000C0B2400082401143A160B8
:10540000606819FA06F930EA0900D8F80410C1F307
:105410000011B1400843606098F8040010F00300E8
:1054200003281FD0D8F8080000280CD0D8F80800AE
:10543000012808D0D8F80800022804D0D121DFF8CC
:10544000E002FEF780FBE16803223000C0B24000BA
:1054500082409143D8F808203000C0B2400082401A
:105460001143E16098F8040010F00300022840F0B6
:10547000B380D8F81000002800F09580D8F810000C
:10548000092800F09080D8F81000002800F08B80E8
:10549000D8F81000002800F08680D8F81000002806
:1054A00000F08180D8F8100000287CD0D8F81000D7
:1054B000012878D0D8F81000012874D0D8F810004E
:1054C000022870D0D8F8100002286CD0D8F810004C
:1054D000022868D0D8F81000032864D0D8F810004B
:1054E000042860D0D8F8100004285CD0D8F8100048
:1054F000042858D0D8F81000052854D0D8F8100047
:10550000052850D0D8F8100009284CD0D8F8100041
:10551000062848D0D8F81000092844D0D8F8100040
:10552000072840D0D8F8100007283CD0D8F8100041
:10553000072838D0D8F81000082834D0D8F8100040
:10554000082830D0D8F8100008282CD0D8F810003F
:10555000092828D0D8F81000092824D0D8F810003D
:105560000A2820D0D8F810000A281CD0D8F810003B
:105570000B2818D0D8F810000C2814D0D8F8100038
:105580000C2810D0D8F810000D280CD0D8F8100036
:105590000C2808D0D8F810000F2804D0DE21DFF83E
:1055A0008001FEF7D0FA3000C00804EB8000016AE9
:1055B0000F2216F00700C0B2800082409143D8F855
:1055C000102016F00700C0B2800082401143300066
:1055D000C00804EB80000162216803223000C0B2E1
:1055E00040008240914398F8042012F003023000FA
:1055F000C0B24000824011432160D8F8040010F48A
:10560000403F3FF4C0AE00200090DFF82801016861
:1056100051F480410160006810F4804000900098CF
:10562000DFF814113000800851F820200F2316F005
:105630000300C0B2800083409A43AC4201D10023F2
:105640006DE6DFF8BC00844201D1012367E6DFF894
:10565000B400844201D1022361E62B48844201D187
:1056600003235CE62948844201D1042357E62848F5
:10567000844201D1052352E6264884427FF44AAE93
:1056800006234CE6BDE8F18338B504000D00280080
:1056900080B2002804D14FF4BE712148FEF753FABE
:1056A0002069ADB2284201D0012000E00020C0B244
:1056B00032BD70B505000E001400300080B2002825
:1056C00004D140F29D111648FEF73DFA2000C0B209
:1056D000002808D02000C0B2012804D04FF4CF71B8
:1056E0000F48FEF730FAE4B2002C02D0B6B2AE6139
:1056F00002E0B6B23604AE6170BD000000000240A8
:105700000004024000080240000C02400010024069
:105710000014024000180240001C02400020024019
:10572000BCDE0008083C01400C3C0140043C014048
:10573000003C0140443802400838014038B50400BC
:10574000FFF718F80500FFF715F8401BA04205D237
:1057500001F0EAF80028F6D1002001E05FF0FF3008
:1057600032BD10B54F4C0120207001F0DDF800284B
:1057700003D1207810F0FE002070207810BD38B5DD
:105780000400484D0120287001F0DCF8002804D105
:105790002000C0B2FFF7E5FF2870287832BD80B541
:1057A000C0B2FFF7DEFF02BDF8B50C0015001E0009
:1057B00001274FF4FA60FFF7C1FF002802D5380037
:1057C000C0B219E04FF4FA6332002900200001F062
:1057D000D7F8C0B200280DD1FEF7CCFF0400FEF7C9
:1057E000C9FF001BB0F5FA6F04D201F09DF8002844
:1057F000F5D100273800C0B2F2BDF8B50C00150095
:105800001E0001274FF4FA60FFF798FF002802D529
:105810003800C0B216E032002900200001F0C2F8C2
:1058200000280DD1FEF7A6FF0400FEF7A3FF001B22
:10583000B0F5FA6F04D201F077F80028F5D100270F
:105840003800C0B2F2BD10B588B014000120154870
:105850000078C00701D5032022E0C9B2002905D095
:1058600002290CD004D3032910D017E0002016E041
:10587000684601F0A7F80698206000200FE068460F
:1058800001F0A0F807982080002008E0684601F0A9
:1058900099F80798400A2060002000E00420C0B278
:1058A00008B010BDAC0600207047704762F30F22AD
:1058B00062F31F42401810F0030308D0C91A1FD327
:1058C000DB0748BF00F8012D28BF20F8022D130088
:1058D00030B414461546103928BF20E93C00FAD8E8
:1058E000490728BF20E90C0048BF40F8042D890073
:1058F00028BF20F8022D48BF00F8012D30BC7047AA
:10590000C91818BF00F8012DCB0728BF00F8012DDA
:10591000704700002DE9F14FB0B0924604910DF1AF
:1059200042013A9A2B9199464A7000200AE01AF8EF
:10593000011B0498309A90470028049000F0B48628
:105940000D98401C0D909AF8000050B12528EED11A
:10595000002100220791089209910A920B910C9262
:1059600004E00D9800F0A2BE41F001011AF8010F09
:105970002028F9D023280CD02B2804D02D2805D09E
:10598000302809D00BE041F00201EFE741F00401BB
:10599000ECE741F00801E9E741F01001E6E72A28C9
:1059A0000FD1D9F8002052F8040BC9F800200028C4
:1059B0000F9003D540420F9041F004010AF1010A13
:1059C00014E00F92DFF824380AE00F98984205DAC5
:1059D00000EB800402EB4402303A0F920AF1010A14
:1059E0009AF80020A2F130000A28EED39AF80000BD
:1059F0002E2803D04FF0FF320E9229E01AF8010F43
:105A00002A2809D1D9F8000050F8042BC9F8000061
:105A10000E920AF1010A1BE02D280CBF0AF1010ABF
:105A2000002000220E92DFF8C4470BE040B90E9A26
:105A3000A24205DA02EB820503EB4503303B0E93ED
:105A40000AF1010A9AF80030A3F130020A2AEDD3D4
:105A5000ADF84010DFF89807784400F294709AF897
:105A6000001000F0B7FF08B11AF8010B8DF84200E2
:105A70009DF84200682805D19AF8000068280CD1EA
:105A8000622106E06C2804BF9AF800006C2804D15B
:105A900071218DF842100AF1010A12A806901AF835
:105AA00001BBBBF125012CD01C3900F0D081091FAE
:105AB000022940F2CC81133900F02185093900F028
:105AC000C681891E00F0B685491E00F06385491E17
:105AD000022940F2BC81091F00F05C85491F00F0DB
:105AE0002881491E00F00B85491E00F0D080C91E98
:105AF0000DD0891E00F00385C91E00F0008500F05E
:105B0000A4BD25238DF84830012100F0A9BDD9F8A6
:105B1000000050F8044BC9F80000002C059440F038
:105B2000A3802B994878002800F099804FF0FF342B
:105B30000FF68030FCF784FF201A40F0B58500F0A6
:105B400090BD6D1E40F0A7853096079D12AF75B1D0
:105B5000309E17F8012B02A9304600F071FE002894
:105B600001D46D1EF5D10028309640F09D850A9D28
:105B70003020002D8DF804000CDD309E012301AA99
:105B800002A9304600F06CFE002840F08D856D1EA5
:105B9000F4D13096059F089D75B1309E17F8012B02
:105BA00002A9304600F04CFE002801D46D1EF5D14C
:105BB0000028309640F078850B9D3020002D8DF820
:105BC00004000CDD309E012301AA02A9304600F03A
:105BD00047FE002840F068856D1EF4D13096059888
:105BE0000899099D471875B1309E17F8012B02A935
:105BF000304600F025FE002801D46D1EF5D10028A6
:105C0000309640F051850C9D3020002D8DF8040019
:105C10000CDD309E012301AA02A9304600F020FECF
:105C2000002840F041856D1EF4D130969DF840006B
:105C300041077FF588AE2020002C8DF804007FF707
:105C400082AE309D012301AA02A9284600F008FE79
:105C5000002840F02985641EF4D1309573E60FF6D4
:105C60006040059000F0FDBC0E9D002D04D520463F
:105C700000F032FE044607E02A46204600F0B6FE59
:105C8000002814BF041B2C46089400F0EABCD9F885
:105C9000001051F8040BC9F8001020F00004002196
:105CA00021F0FF3512ABCDE902450593DDE9022372
:105CB00006993C2413B90AB90E9898B102F00F0561
:105CC0003035641EEEB23A2EA8BF2735120942EADB
:105CD00003721B090D5508BF002A03D005980D1942
:105CE000A842EBD308190590C4F13C020E98089223
:105CF00082420ADABDF84010821A4FF6EF70014076
:105D00000A92ADF8401000F0ACBC002840F1A98424
:105D10009DF8400000F01400102840F0A2840F9B72
:105D200007990A985B1A1B1A9A1A002A40F3998459
:105D3000E3E32B99487820B14FF0FF340FF6503051
:105D4000F8E69DF84200622861D0682817D06A28DA
:105D50003FD06C2806D0712847D074282CD07A28E0
:105D60001DD064E0D9F8001051F8040BC9F80010F8
:105D7000002868D14FF0FF340FF62C30DAE6D9F85E
:105D8000001051F8040BC9F8001020B94FF0FF348F
:105D90000FF61430CEE60D99018000F062BCD9F800
:105DA000001051F8040BC9F8001000284BD14FF037
:105DB000FF340FF6F420BDE6D9F8001051F8040BBB
:105DC000C9F8001000283ED14FF0FF340FF6D8205C
:105DD000B0E6D9F8001051F8040BC9F8001080B9EA
:105DE0004FF0FF340FF6C020A4E6D9F8001051F8A8
:105DF000040BC9F8001020B94FF0FF340FF6A820AB
:105E000098E60D9AD317C0E9002300F02ABCD9F810
:105E1000001051F8040BC9F8001020B94FF0FF34FE
:105E20000FF6842086E60D99017000F01ABCD9F8AF
:105E3000001051F8040BC9F8001020B94FF0FF34DE
:105E40000FF6642076E60D99016000F00ABCD9F8DF
:105E50000020D21D22F00702C9F80020D2E900017B
:105E60000832C9F80020CDE90201C80F02D0079816
:105E70002D210AE0BDF84000810702D507982B21AB
:105E800003E0C00705D50798202112AA1154401C31
:105E9000079012A807994BF020024318DDE9020190
:105EA000CDE92C01612A059321AC0BD00E98002876
:105EB00002D506200E9005E001BF4BF020006728B8
:105EC00001210E91DDE9020148004015401C0A46FF
:105ED0000DD109030BD0ABF1610503201A2D0890F9
:105EE00002D20FF6E0110DE00FF6DC110AE070B9F6
:105EF00012030CD1ABF1610503201A2D08901AD3BF
:105F00000FF6CC1103221846FDF746FFA9E3DDE9A1
:105F10000201CDE92E01DDE92E2323F00047B7F57C
:105F2000801F22F000060DD20022002F08BF002E95
:105F3000009203D116E00FF69411E3E76A4600F0F1
:105F400081FD0FE0DFF8D808DFF8D81800EB175014
:105F50000090DDE92E234FF0FF301940DFF8C878BC
:105F600010403943CDE902014BF0200061280DD1EA
:105F7000059830210170821CBBF1610F05920CBFA6
:105F80007821582141700798801C0790DDE90201B3
:105F900020F0000231F0004308BF002A02D10026A1
:105FA000002567E14BF02008B8F1610F40F0B480A4
:105FB0000E98002847BF21210191401C0190019FAC
:105FC000DDE92C017F1C00220023DDE9024500F001
:105FD00071FD00998DF8842038BF85F00045091FB8
:105FE000002F00910DF1850653DD20462946002241
:105FF000002300F077FD4CD24800400D00F11C0357
:1060000012D0002B10DD40F2FF70834206DBDFF878
:106010001C1805F000421143002011E06FF31E51DF
:1060200041EA035120460BE024F0000035F0004126
:1060300008BF00280FBF29461C22294600F06AFD30
:1060400004460D4600F004FEFF1F002F804609DDC8
:1060500000F01CFE02460B462046294600F028FEB2
:1060600004460D46F01D0721B8F1000F0CDD491E56
:106070005EBF08F00F0200F8012D4FEA2818F3D593
:1060800002E0002200F8012D491EFAD5C61D002F9E
:10609000ABDC0DF18500361A01988642D8BF304638
:1060A00000280DF1850430D4B04206DA0DF18501E7
:1060B0000A5C082AA8BF0F2100DA0021024621ABA2
:1060C000134400E0401E13F80159521E8D42F9D0CE
:1060D0000F2904D10DF185018B5C5B1C8B54002AC8
:1060E00004D50099091D21AC401C0091411E0CD41F
:1060F0006218ABF13A0613783033DDB23A2DA8BFFF
:10610000F318491E02F80139F5D50E99002940F11E
:10611000AF80421E0E92ABE00099DFF8142747F2E1
:106120009750414391FBF2F2DDE92C45009225F0B6
:106130000045D2F1070204DD2046294600F04DFB60
:106140000BE052420020DFF8EC1600F046FB02465E
:106150000B462046294600F01DFE0446B8F1660FA6
:106160000E9806BF009F0A3706273F18142FC8BF96
:10617000142730200D468DF884000DF18506002F80
:1061800038DD2046294600F029FF01460A4606F17F
:10619000080304200A26B2FBF6F606EB860EA2EBF5
:1061A0004E02303203F8012C0A22B6FBF2F202EB67
:1061B000820EA6EB4E063036401E03F8026DE9D182
:1061C000083F002F03F10806D9DD084600F01AFF4A
:1061D00002460B462046294600F06AFD0022DFF801
:1061E000583600F01DFF04460D46CAE7CBCCCC0C58
:1061F000388000000DF18500361A0DF1850404E0A9
:106200000098401E761E0090641C20783028F7D03D
:10621000B8F1660F02D10099491C04E0B8F1650F8E
:106220000CBF012100210E9808188642B8BF701ECD
:1062300000281DD4B04204DA215C3429C8BF3921BA
:1062400000DC30210246631E9D1800E0401E15F858
:106250000169521E8E42F9D0392902D1A15C491C34
:10626000A154002A04D50099491C1C46401C0091E9
:106270000646009D00F0A6FF406A0778DDF83880EA
:1062800030B2002802DC01260FF248644BF02000F7
:10629000662808BF6D1C16D0672846D128B210F1B9
:1062A000040F48DB404546DA9DF840006D1C0107AD
:1062B00003D430B24045B8BF804628B2B8EB0008DE
:1062C00048BF4FF000080FFA85FBBBF1000F00F349
:1062D000B5800898411C0891302205990A54B8F1FC
:1062E000000F03DC9DF84000010704D50898411C0D
:1062F000089105990F5418EB0B0FB8BFC8F10005B2
:106300002DB268420B90A84432B29045B8BF4646C1
:10631000059B089836B20996324621461844FDF787
:106320003BFDA8EB06000C90D2E0BBF1610F17D14A
:106330004FF0700B19E030B2404504DA9DF8401080
:106340000A0758BF8046B8F1010848BF4FF000085F
:10635000BBF1670F14BF4FF0450B4FF0650B04E026
:10636000BBF1410F08BF4FF0500B0898411C08913A
:10637000B8F1000F059914F8012B0A5403DC9DF8BD
:10638000400001071AD50898411C0891B8F1000F88
:1063900005990F5412DD761E30B280450598089B92
:1063A000B8BF464632B221461844FDF7F5FC0899BD
:1063B00036B271180891A8EB06000B900598089961
:1063C000084429B2002980F800B003D42B2242707F
:1063D000821C04E02D2242700D46821C6D42002179
:1063E0002CAB28460AE004460A2094FBF0F000EBB0
:1063F0008005A4EB450403F8014B491C00B20028BA
:10640000F1DC012906DC4BF02000652804BF3020B8
:1064100002F8010B00292CAB08D1302002F8010B47
:1064200006E0491E585C303002F8010B0029F8DC08
:10643000059908980844121A099249E030B229B225
:1064400088421CDA0598089B32B221461844FDF7B1
:10645000A3FC089936B27118ABEB0606B8F1000F31
:1064600008910B9603DC9DF84000020704D50598BF
:1064700047540999491C0991CDF8308028E00598C6
:10648000089B2AB221461844FDF786FC0898761B23
:106490005844B8F1000F089003DC9DF840100A073B
:1064A00003D5411C089105990F5430B280450598D9
:1064B000089BB8BF464632B204EB0B011844FDF707
:1064C0006BFC089836B230180890A8EB06000B90C9
:1064D0009DF8400000F01400102840F0C280079A98
:1064E00008990B988A18099982180C988A188218AA
:1064F0000F98824280F2B580821A0A92B1E09DF82C
:106500004200622808D068280ED06A2814D06C286F
:106510001FD0712810D01CE0D9F8001051F8040BDE
:10652000C9F80010C0B21AE0D9F8001051F8040BF5
:10653000C9F8001080B212E0D9F80020D21D22F074
:106540000702C9F80020D2E900010832C9F800208A
:1065500006E0D9F8001051F8040BC9F8001000212A
:10656000CDE902019DF8400001075AD5DDE902237B
:10657000002B08BF002A54D04BF02000782850D1BF
:10658000079812A930220A54401C431C079301F8B3
:1065900000B046E09DF84200622808D068280ED07E
:1065A0006A2814D06C281FD0712810D01CE0D9F8AC
:1065B000001051F8040BC9F8001040B21AE0D9F8E5
:1065C000001051F8040BC9F8001000B212E0D9F81D
:1065D0000020D21D22F00702C9F80020D2E90001F4
:1065E0000832C9F8002006E0D9F8001051F8040B71
:1065F000C9F80010C117CDE90201002902D507989A
:106600002D210AE0BDF84000810702D507982B2113
:1066100003E0C00705D50798202112AA1154401C99
:10662000079012A807990144059102A8594600F065
:106630004FF816E001200790D9F8000050F8041B2D
:10664000C9F800008DF848100BE025210122BBF1AC
:10665000000F8DF84810079203D08DF849B0022141
:1066600007910F9A07980A990C9C121A0898521AC7
:106670000B99121A0998521A121A9DF84000141B0D
:1066800041073FF562AA2020002C8DF804007FF717
:106690005CAA309E2546012301AA02A9304600F0DB
:1066A000DFF800283FF44DAA4FF0FF3031B0BDE8CD
:1066B000F08F00007072696E74665F733A206261D9
:1066C0006420257320617267756D656E740000002B
:1066D0002DE9FC4307466F293E6908BF082405D011
:1066E00041F02000782814BF0A2410243C25D7E963
:1066F0000023642918BF69299046994605D1002BCB
:1067000003D5D8F1000869EB4909B9F1000F08BFBA
:10671000B8F1000F0CD1386B50B9082C39D197F86B
:106720003800010735D530203B2586F83B0030E0A6
:106730008DF80010404649462246E31700F046FD1A
:106740003032D0B26D1E3A28019504DB9DF800006E
:10675000A0F151018A187255404649462246E31776
:1067600000F034FD80465FEA010908BFB8F1000F70
:1067700003D0F86871198842DCD3082C09D197F846
:106780003800010705D5705D302802D06D1E30201D
:106790007055C5F13C02BA617119F960386B8242DB
:1067A00008DA821A3A624FF6EF70398F0140398762
:1067B000BDE8F38300280ED597F8380000F01400E8
:1067C000102808D17B6B7969386A5B1A1B1A9A1AF0
:1067D000002AC8BF3A62BDE8F3832DE9D0430646DC
:1067E0000F4614464FF00008DFF8509012E0E00723
:1067F00007D542464B463046394600F011FC064666
:106800000F464046494642464B4600F009FC64109C
:1068100080468946002CEAD130463946BDE8D0830F
:1068200002FCFFFFFFFF0F800000E03F0000F07F51
:10683000A08601000000F03F84D79741000024406B
:1068400010B503460C461146A0689847A06020B1D9
:10685000E06A401CE062002010BD4FF0FF3010BD28
:10686000F8B505460E4617461C4600205CB117F8E1
:10687000011BB068A847B06030B1F06A401CF062FC
:106880000020641EF3D1F2BD4FF0FF30F2BD0000D6
:106890007072696E74665F733A20256E2064697346
:1068A000616C6C6F776564007072696E74663A2013
:1068B00062616420256E20617267756D656E74007B
:1068C000000000006E616E004E414E00696E660071
:1068D000494E46003000000000F10103810704D05A
:1068E00010F8011B820781B1FAD10268A2F10131CF
:1068F000914311F0803104BF50F8042FF6E709BA34
:10690000B1FA81F100EBD100401CC01A70470000C1
:106910005FEA000C11F8012B00F8012B12B111F8FD
:10692000012BF9E76046704780B50548FCF749FE42
:10693000042801D1002000E00120C0B202BD00BF48
:106940002C0E002038B5002000F058FD012801D0A1
:10695000012012E0094D2800FCF704F90400200092
:10696000C0B2002807D14FF400612800FCF7B5FD44
:10697000002800D001242000C0B232BD2C0E00201F
:106980001CB50024009313000A0001000448FCF722
:10699000BFF9002800D001242000C0B216BD00BFFE
:1069A0002C0E002010B5130000240A00010004483A
:1069B000FCF7F0FA002800D001242000C0B210BD7E
:1069C0002C0E002080B501000148FCF774FD01BDCC
:1069D0002C0E0020C9B202788A421AB11CBF10F8EE
:1069E000012FF9E718BF002070470000C9B28307E4
:1069F00006D0521E22D310F8013B9942F7D11FE076
:106A0000083A13D302F1040241EA012141EA0141AB
:106A100050F8043B121F21BF4B40A3F1013C2CEA6C
:106A2000030C1CF0803FF3D0C9B2001F083210F8ED
:106A3000013B521E28BF91EA030FF8D818BF01206E
:106A4000401E704710B5144600F002F8226010BDD9
:106A5000C1F30A5343B14A0012F5001F28D2A3F232
:106A6000FE32A1EB0251704750EA410C20D001F0F8
:106A7000004C31EA0C01B1FA81F204BFB0FA80F3A4
:106A8000D2180B3AB2F120032CBF00FA03F1914067
:106A900041EA0C013EBFC2F1200C20FA0CF319436D
:106AA0009040524240F2FD33D21A01EB035170473D
:106AB000002270474FF4001C1CEB410F94BF1CEBED
:106AC000430F09E041EA030C50EA4C0C52EA0C0C6B
:106AD00003D2994208BF9042704714BF8B42824252
:106AE000704700004FF4001C1CEB410F94BF1CEBDF
:106AF000430F09E041EA030C50EA4C0C52EA0C0C3B
:106B000003D28B4208BF8242704714BF9942904221
:106B100070470000124254D440F2FF7C1CEA11532B
:106B20000FD0634531D09B1863453CBF01EB025148
:106B3000704701F0004141EA0C51002000F06CBCAC
:106B4000704750EA410320D001F0004C91EA0C015B
:106B50001CD0B1FA81F30B3B9A420DD9D21A99405D
:106B600051EA0C01C3F1200C20FA0CFC614498405E
:106B7000531C40F2FF7CD7E7914041EA0C01C2F17F
:106B8000200C20FA0CF3194390407047B0FA80F3C0
:106B90001533202BE0D3202AEED3203A203B9A4213
:106BA00009D9D21A00FA03F141EA0C010020531C62
:106BB00040F2FF7CB8E700FA02F141EA0C01002044
:106BC0007047524240F2FF7C1CEA11530DD06345DE
:106BD000DBD0B2EB030C3CBFA1EB025170470CF1D0
:106BE000010221EA035141F4801150EA410CCCD05A
:106BF00001F0004C352A27DC30B481EA0C01B2F1F7
:106C0000200309DAC2F12003044601FA03F5D0405B
:106C10002843D1409C400CE0C3F12002450020FAFB
:106C200003F418BF44F0010421FA03F091400C432F
:106C3000002174F1004550F1000051EB0C01244299
:106C400030BC7FF47BAF70476146002076E70000E0
:106C5000C1F30A5340F2FE329B1A14DDD3F1200334
:106C60004FEAE17208DDC90241EA505141F00040AB
:106C7000D84080185040704703F2E13010B1D24341
:106C800082F000407047002070470000C11768B1D3
:106C90004840401AB0FA80F29040D21CC907C2F5B1
:106CA000846241EA025202EBD021400570470000A5
:106CB00070B44FF0004591EA030F40F1B9836B4087
:106CC000841A71EB030603D2001BB1411219734100
:106CD0004FF4001C1CEB410F34BF7CEB430442E03B
:106CE0000C0DA4EB1356352E4FDC45EAC323DB0A0B
:106CF00045EAC121C912B6F120050DDD63FA05F69A
:106D0000EB4086EA0305124218BF45F00105C018A2
:106D100051F100010CD213E062FA06F5F240554041
:106D2000F3415A40B340F3405A408018594107D3C9
:106D300049085FEA30005FEA350528BF45F00105E4
:106D400001F58011420875F1004250F1000041EB5D
:106D500004514E0016F5001F70BC38BF704700206C
:106D6000090D090570471CEB410F10D252EA43068A
:106D70000BD0BCEB410F05D80C0DAB43661E342E77
:106D8000B6DD02E0AB438018594170BC704770BC5F
:106D900070470000F0B540F2FF7581EA030C0CF07B
:106DA000004C15EA11541DBF15EA1357AC42AF420F
:106DB000E5E0BC41C1F31301C3F31303801A994109
:106DC00043F4801304D2641E4000494180185941A5
:106DD000C90241EA5051B1FBF3F603FB1611A2FBC5
:106DE0000675D7EBC020A94102D2761E8018594102
:106DF000C90241EA5051B1FBF3FE03FB1E11A2FB95
:106E00000E75D7EBC020A94103D2AEF1010E801858
:106E10005941890241EA9051760546EA8E2EB1FB2E
:106E2000F3F603FB1611A2FB0675D7EB8020A941F0
:106E300002D2761E80185941C90241EA50514EEAE9
:106E4000060EB1FBF3F603FB1611A2FB0675D7EB9A
:106E5000C020A94102D2761E80185941C90241EAD8
:106E60005051B1FBF3F703FB1711A2FB0735D3EB2E
:106E7000C020A94167F100070CBF004247F001079D
:106E800066F3D5274FEA1E31B80814F5806412DD89
:106E9000BD0775F1004250EB0E5051EB045111F556
:106EA000801F5CBF41EA0C01F0BD4CF07F6141F0F6
:106EB000E0410020F0BDBD076D0840EA0E5041F4EE
:106EC0008011D4F10104B4F120060ADAC4F12006DD
:106ED0000200E04001FA06F3E1401843B2401543D6
:106EE0000EE0342C13DCC6F1200445EA40056D08A1
:106EF00020FA06F2154321FA06F0A1400D430021C5
:106F000075F1004250F1000051EB0C01F0BD002082
:106F10005FEA0C01F0BDCFB992185B41B3FA83F779
:106F200004BFB2FA82F6BF190B3FB7F120062FBF9C
:106F300002FA06F3BB40C7F1200622FA06F638BF74
:106F40003343BA401CB1E419641E33E77F4231F089
:106F50000041B1FA81F404BFB0FA80F6A4190B3CE9
:106F6000B4F120062FBF00FA06F1A140C4F12006BB
:106F700020FA06F638BF3143A0403C1B1AE7AC426A
:106F80001ABF05EA1357AF4212E050EA41061CBF90
:106F900052EA4306BFE750EA4107304661461CBF4C
:106FA00041EA0551F0BD52EA430C08BFC143F0BDB0
:106FB00000204FF4001616EB410F98BF16EB430F5D
:106FC00008BF16EB410F24BFC14305E016EB430F8A
:106FD0000CBF61464CEA0551F0BD0000400D491858
:106FE00040EA81200CD2490DA1F58061491C40F096
:106FF000004005DBD1F11F0154BFC840C0177047E6
:1070000000207047014648B1B0FA80F18840C91CA1
:10701000C1F58461090501EBD021400570470000EE
:10702000B0B581EA030C0CF0004C40F2FF7515EA94
:1070300011541DBF15EA1357AC42AF4239E0E419B1
:1070400023EA455343F48013C90241F0004141EA69
:10705000505EC7021100A7FB020200284FF000009B
:10706000EEFB01204FF00001E3FB072118BF42F0C7
:107070000102401800214941E3FB0E01A4F58064A0
:107080000F0302D252004041494154F101046CDD2A
:10709000470872F1004250F1000051EB0451A1F594
:1070A00080115CBF41EA0C01B0BD4CEA05510020E3
:1070B000B0BD05EA1357AC4214BFAF4241E050EAFD
:1070C000410E1CBF52EA430E02E061460020B0BDF3
:1070D00024423C441BD15FEA070EF6D0090302BFED
:1070E00001460020AEF1140EB1FA81F7AEEB0704B1
:1070F00001FA07FE0C37C7F1200100FA07F7C84074
:107100004EEA000E23EA455343F48013A2E733F01E
:107110000043B3FA83F704BFB2FA82FE77440B3F11
:10712000E41BB7F1200E2FBF02FA0EF3BB40C7F1EC
:10713000200E22FA0EFE38BF43EA0E03BA40641C4A
:1071400082E750EA410E14BF52EA430E6FF000018D
:107150004FF4001717EB430F8ABF194617EB410F87
:10716000B5E74CEA05510020B0BDD4F10104B4F1FB
:1071700020070FDAC4F12007520828BF42F00102AD
:1071800010FA07F501FA07F7E1BF2A43E040384358
:10719000E1400FE0352C98DCC7F1200452EA4002B0
:1071A00020FA07F218BF42F0010231FA07F0A140BD
:1071B0000A43002172F1004250F1000051EB0C0132
:1071C000B0BD0000004870477C050020BBBBE1B1AA
:1071D000B2F5803F80F07E80022A1ED98C46B1FB3A
:1071E000F2F102FB11C31B0443EA1043B3FBF2FCB0
:1071F00002FB1C3380B240EA0343B3FBF2F002FB14
:10720000103240EA0C4000237047022A05D9844618
:10721000B0FBF2F002FB10C270474AB105D100F09A
:10722000010249085FEA30007047002200237047DE
:1072300000F0B4B90B00020000210020704790421A
:1072400071EB030CF6D3B3F5803F2FD2F0B5B3FA50
:1072500083F7B1FA81F4A7F10F0E3D1B5340CEF135
:10726000200602FA0EF2F3415340B5F10F0746D85B
:107270000F3C2C444140C4F12006A040F141414064
:10728000B1FBF3F603FB1611A2FB0645001BA94157
:1072900002D2761E8018594180EA010221FA0EF3CB
:1072A00062FA0EF200215A403046F0BD30B4B1FB14
:1072B000F3FC03FB1C11A2FB0C45001BA94103D2EC
:1072C000ACF1010C8018594130BC02460B466046B7
:1072D00000217047B2F1807F65D3F0B5B2FA82F732
:1072E000B1FA81F4C7F10F063D1B22FA06F307F14C
:1072F000110EF24120355A40B5F10F07B8D941407F
:10730000C4F12006A040F1414140B1FBF3FC03FB76
:107310001C11A2FB0C45001BA94103D2BCF1010CBE
:10732000801859410F2F12D30F3FC90341EA504132
:10733000B1FBF3F603FB1611A2FB0645D4EBC030FC
:10734000A94102D2761E8018594146EACC3C07B3C7
:107350004140C7F12006B840F1414140B1FBF3F68E
:1073600003FB1611A2FB0645001BA94102D2761EA3
:107370008018594180EA010221FA0EF3C7F1200476
:1073800062FA0EF20CFA07F05A402CFA04F130437C
:10739000F0BD80EA010221FA0EF3002162FA0EF23A
:1073A00060465A40F0BD8C46B1FBF2F102FB11C3BE
:1073B0001B0243EA1063B3FBF2FC02FB1C331B020B
:1073C0004CEA002043EA1063B3FBF2FC02FB1C33DF
:1073D0001B024CEA002043EA1063B3FBF2FC02FB01
:1073E0001C331B024CEA002043EA1063B3FBF2FC9F
:1073F00002FB1C324CEA00200023704780B50120BC
:107400008DF8000000F0CCF8002802D100208DF8A3
:1074100000009DF8000002BD0FB581B000F0CEF86D
:1074200002492222425001B00FBD00BF6C13002060
:10743000841A71EB030604D26E40001BB14112198D
:1074400073414FF4001C1CEB410F34BF7CEB43062F
:1074500083E00C0DA4EB1356362E00F37C80012E36
:1074600045EAC32341DC43EA525312BFD2029202DF
:107470005B08240545EAC12141EA5051D2EBC02006
:10748000994125D407D1B0FA80F610FA06F162D0FE
:107490000020203608E0B1FA81F6B140C6F12002A2
:1074A00020FA02F21143B0404FEAF474B4EB4654B0
:1074B00034F001064FEA74040AD8D6F50016760DAA
:1074C00004F00044F04061FA06F25040F1404840B8
:1074D000C00A40EA415021F0004128BF5FEA500550
:1074E00050F1000044EBD12135E0DB0A45EAC1212F
:1074F000C90AB6F120050EDD42EA0242120CC5F1BE
:10750000200603FA06F6EB4042EA06056D42984172
:1075100061F100010DE062FA06F5F240554063FAB0
:1075200006FC82EA0C02F3405A406D42904161EB46
:10753000030111F4801F05D1641E620502D06D00A5
:107540004041494121F48011430875F1004350F155
:10755000000041EB045170BC70471CEB410F15D289
:1075600023F0004352EA43060BD04FEA4C0CBCEB2D
:10757000410F04D80C0D661E342EB7DDEBE7801AE0
:10758000994150EA410608BF0021E4E708BF1CEB1F
:10759000430F28BF6FF00001DDE7000070470000D7
:1075A00010B5012408210448FEF76EF8002800D029
:1075B00000242000C0B210BD000C02400020704723
:1075C00010B50400002C01D10120ACE02068DFF8E8
:1075D0008012884245D02068B0F1804F41D02068A9
:1075E000DFF8701288423CD02068DFF86C128842C5
:1075F00037D02068DFF86412884232D02068DFF884
:10760000601288422DD02068DFF85812884228D0B6
:107610002068DFF85412884223D02068DFF84C122B
:1076200088421ED02068DFF84812884219D02068AE
:10763000DFF84012884214D02068DFF83C128842FC
:107640000FD02068DFF8341288420AD02068DFF8B3
:107650003012884205D040F21311DFF82802FCF7FF
:1076600072FAA068002811D0A06810280ED0A06877
:1076700020280BD0A068402808D0A068602805D03A
:107680004FF48A71DFF8FC01FCF75DFA20690028ED
:107690000DD02069B0F5807F09D02069B0F5007F5A
:1076A00005D040F21511DFF8DC01FCF74CFAA069B7
:1076B000002808D0A069802805D04FF48B71DFF82E
:1076C000C401FCF740FA94F83D00002805D10020E1
:1076D00084F83C00200000F029FF022084F83D00DF
:1076E000211D206800F0EAFC012084F846000120FA
:1076F00084F83E00012084F83F00012084F8400017
:10770000012084F84100012084F84200012084F81F
:107710004300012084F84400012084F84500012042
:1077200084F83D00002010BD38B50400DFF820517A
:107730002068A84245D02068B0F1804F41D0206831
:10774000DFF8101188423CD02068DFF80C11884225
:1077500037D02068DFF80411884232D02068DFF883
:10776000001188422DD02068DFF8F810884228D018
:107770002068DFF8F410884223D02068DFF8EC108E
:1077800088421ED02068DFF8E810884219D02068AF
:10779000DFF8E010884214D02068DFF8DC1088425F
:1077A0000FD02068DFF8D41088420AD02068DFF8B4
:1077B000D010884205D040F2CF11DFF8C800FCF7A6
:1077C000C2F994F83D00012801D001203FE00220D9
:1077D00084F83D002068C06850F001002168C8604E
:1077E0002068A8421FD02068B0F1804F1BD02068CD
:1077F000DFF86010884216D02068DFF85C108842FD
:1078000011D02068DFF8541088420CD02068DFF8CF
:107810005810884207D020681449884203D0206855
:10782000154988420CD12068806810F007000628AE
:107830000CD02068006850F001002168086005E065
:107840002068006850F0010021680860002032BD07
:10785000000001400004004000080040000C00400F
:1078600000100040001400400004014000400140AE
:10787000004401400048014000180040001C004046
:107880000020004010E0000810B50400002C01D1D9
:107890000120A1E02068514988423BD02068B0F126
:1078A000804F37D020684E49884233D020684D49F8
:1078B00088422FD020684C4988422BD02068DFF8BE
:1078C0005413884226D02068DFF84C13884221D018
:1078D0002068464988421DD020684549884219D011
:1078E00020684449884215D020684349884211D015
:1078F0002068424988420DD020684149884209D019
:1079000020684049884205D040F22951DFF8000341
:10791000FCF719F9A068002811D0A06810280ED033
:10792000A06820280BD0A068402808D0A068602854
:1079300005D040F22A51DFF8D802FCF704F920699B
:1079400000280DD02069B0F5807F09D02069B0F5FE
:10795000007F05D040F22B51DFF8B402FCF7F3F8BA
:10796000A069002808D0A069802805D040F22C51D9
:10797000DFF89C02FCF7E7F894F83D00002805D1F9
:10798000002084F83C00200000F0D1FD022084F8A3
:107990003D00211D206800F091FB012084F8460085
:1079A000012084F83E00012084F83F00012084F883
:1079B0004000012084F84100012084F842000120A9
:1079C00084F84300012084F84400012084F8450035
:1079D000012084F83D00002010BD0000000001409F
:1079E0000004004000080040000C0040000401407A
:1079F00000400140004401400048014000180040A0
:107A0000001C00400020004070B505000C00DFF8AD
:107A10000C622868B04207D1002C78D0042C76D0B4
:107A2000082C74D00C2C72D02868B0F1804F07D18C
:107A3000002C6CD0042C6AD0082C68D00C2C66D09A
:107A40002868DFF8DC11884207D1002C5FD0042CB5
:107A50005DD0082C5BD00C2C59D02868DFF8C411FD
:107A6000884207D1002C52D0042C50D0082C4ED084
:107A70000C2C4CD02868DFF8B011884207D1002CBC
:107A800045D0042C43D0082C41D00C2C3FD0286882
:107A9000DFF89811884207D1002C38D0042C36D05A
:107AA000082C34D00C2C32D02868DFF8841188429E
:107AB00003D1002C2BD0042C29D02868DFF87411B6
:107AC000884201D1002C22D02868DFF86C1188424E
:107AD00001D1002C1BD02868DFF86011884203D147
:107AE000002C14D0042C12D02868DFF854118842DE
:107AF00001D1002C0BD02868DFF84811884201D151
:107B0000002C04D040F2AF514148FCF71CF8002C87
:107B100002D195F83E000BE0042C02D195F83F000D
:107B200006E0082C02D195F8400001E095F84100EC
:107B3000012801D001206AE0002C04D1022085F840
:107B40003E00C0B211E0042C04D1022085F83F00B1
:107B5000C0B20AE0082C04D1022085F84000C0B26F
:107B600003E0022085F84100C0B20122210028680C
:107B700000F076FC2868B04204D02868DFF8AC102A
:107B8000884201D1012000E00020C0B2002805D0C9
:107B90002868406C50F40040296848642868B04266
:107BA00021D02868B0F1804F1DD02868DFF8701010
:107BB000884218D02868DFF86C10884213D02868F3
:107BC000DFF8641088420ED02868DFF86010884221
:107BD00009D02868DFF85810884204D02868DFF8F8
:107BE0005C1088420CD12868806810F007000628D5
:107BF0000CD02868006850F001002968086005E092
:107C00002868006850F0010029680860002070BDF5
:107C100010E0000800100040001400400000014087
:107C20000004004000080040000C00400004014037
:107C3000004001400044014000480140001800405D
:107C4000001C00400020004010B5040020680069BE
:107C500080071AD52068C068800716D57FF002001B
:107C600021680861012020772068806910F0030FE7
:107C700003D0200000F05CFC05E0200000F059FC7F
:107C8000200000F057FC00202077206800694007A2
:107C90001AD52068C068400716D57FF00400216817
:107CA0000861022020772068806910F4407F03D0AB
:107CB000200000F03DFC05E0200000F03AFC200030
:107CC00000F038FC002020772068006900071AD5F2
:107CD0002068C068000716D57FF008002168086199
:107CE000042020772068C06910F0030F03D0200023
:107CF00000F01EFC05E0200000F01BFC200000F05E
:107D000019FC0020207720680069C0061AD5206879
:107D1000C068C00616D57FF01000216808610820F1
:107D200020772068C06910F4407F03D0200000F065
:107D3000FFFB05E0200000F0FCFB200000F0FAFB58
:107D40000020207720680069C0070AD52068C06835
:107D5000C00706D57FF0010021680861200000F00F
:107D6000A9FD2068006900060AD52068C0680006E1
:107D700006D57FF0800021680861200000F04CFFEC
:107D80002068006940060AD52068C068400606D50C
:107D90007FF0400021680861200000F03EFF20686D
:107DA000006980060AD52068C068800606D57FF085
:107DB000200021680861200000F030FF10BDF8B5F8
:107DC00005000F0014000026002C0DD0042C0BD051
:107DD000082C09D00C2C07D03C2C05D041F277019F
:107DE000DFF8CC02FBF7AFFE3868602808D03868AF
:107DF000702805D041F27801DFF8B402FBF7A3FE4A
:107E0000B868002808D0B868022805D041F2790186
:107E1000DFF89C02FBF797FE3869002808D0386924
:107E2000042805D041F27A01DFF88402FBF78BFECB
:107E300095F83C00012801D1022025E1012085F8B8
:107E40003C00002C08D0042C5ED0082C00F0A1804F
:107E50000C2C00F0D88011E12868DFF8301288423D
:107E60003BD02868B0F1804F37D02868DFF8201267
:107E7000884232D02868DFF81C1288422DD028684A
:107E8000DFF81412884228D02868DFF828128842C8
:107E900023D02868DFF8201288421ED02868DFF837
:107EA000FC11884219D02868DFF8F411884214D0F8
:107EB0002868DFF8F81188420FD02868DFF8E4114D
:107EC00088420AD02868DFF8E011884205D041F2E4
:107ED0008401DFF8DC01FBF736FE3900286800F08A
:107EE0004AF92868806950F0080029688861286884
:107EF000806930F0040029688861286881693869E0
:107F0000014328688161BAE02868DFF8801188425F
:107F100027D02868B0F1804F23D02868DFF870118F
:107F200088421ED02868DFF86C11884219D0286872
:107F3000DFF86411884214D02868DFF8781188428D
:107F40000FD02868DFF8701188420AD02868DFF85F
:107F50005C11884205D041F29501DFF85401FBF72E
:107F6000F2FD3900286800F065F92868806950F44E
:107F70000060296888612868806930F48060296819
:107F8000886128688069396950EA01202968886118
:107F900075E02868DFF8F41088421DD02868B0F139
:107FA000804F19D02868DFF8E810884214D028687C
:107FB000DFF8E01088420FD02868DFF8DC10884234
:107FC0000AD02868DFF8EC10884205D041F2A601FB
:107FD000DFF8DC00FBF7B7FD3900286800F08CF90A
:107FE0002868C06950F008002968C8612868C0691D
:107FF00030F004002968C8612868C1693869014304
:108000002868C1613BE02868DFF8801088421DD0F5
:108010002868B0F1804F19D02868DFF874108842C2
:1080200014D02868DFF86C1088420FD02868DFF879
:10803000681088420AD02868DFF87810884205D096
:1080400041F2B701DFF86800FBF77DFD39002868D1
:1080500000F0B6F92868C06950F400602968C8616A
:108060002868C06930F480602968C8612868C069E0
:10807000396950EA01202968C86100E00126002022
:1080800085F83C003000C0B2F2BD000000000140A5
:108090000004004000080040000C00400044014083
:1080A00000480140001C0040002000400018004033
:1080B00010E00008000401400040014010B40468D2
:1080C000DFF87433984212D0B0F1804F0FD0DFF850
:1080D0006C2390420BD0DFF86823904207D0DFF882
:1080E0006423904203D0DFF81424904203D134F08B
:1080F00070044A681443984224D0B0F1804F21D0D4
:10810000DFF8382390421DD0DFF83423904219D095
:10811000DFF83023904215D0DFF8E023904211D0F1
:10812000C34A90420ED0C84A90420BD0C74A9042F0
:1081300008D0C04A904205D0C54A904202D0C54AF4
:10814000904203D134F44074CA68144334F080047C
:108150004A69144304608A68C2620A68826298426B
:1081600003D0DFF89823904201D10969016301210E
:10817000416110BC70472DE9F84304000D00206AEE
:10818000400840002062276AD4F80480A66936F0CF
:108190007006B608B6002868064337F00207A868DC
:1081A0000743DFF894924C4503D0DFF8B0028442D5
:1081B00010D1E868002807D0E868082804D041F604
:1081C000C721A548FBF7BFFC37F00807E86807435D
:1081D00037F004074C4503D0DFF88002844221D1F8
:1081E000A869B0F5007F07D0A869002804D041F63F
:1081F000D4219948FBF7A7FC6869B0F5807F07D0C8
:108200006869002804D041F6D5219348FBF79BFC10
:1082100038F4807838F40078686950EA0808A8696A
:1082200050EA0808C4F80480A661686860632762A1
:10823000BDE8F1832DE9F84304000D00206A30F019
:1082400010002062D4F820806668A76937F4E04700
:1082500037F44077286857EA002738F02008A868E4
:1082600058EA0018DFF8D0914C4503D0DFF8EC0154
:10827000844211D1E868002807D0E868082804D0B3
:1082800041F612317448FBF75EFC38F08008E8686C
:1082900058EA001838F040084C4503D0DFF8BC011C
:1082A000844221D1A869B0F5007F07D0A8690028D1
:1082B00004D04FF4D9516848FBF745FC6869B0F524
:1082C000807F07D06869002804D041F621316248D8
:1082D000FBF739FC36F4806636F40066686956EAC6
:1082E0008006A86956EA80066660A7616868A06390
:1082F000C4F82080BDE8F1832DE9F84304000D00A7
:10830000206A30F480702062266A6768D4F81C8086
:1083100038F070085FEA98085FEA8808286850EA31
:10832000080836F40076A86856EA0026DFF80891B7
:108330004C4503D0DFF82401844211D1E8680028BD
:1083400007D0E868082804D041F65D314248FBF7C1
:10835000FAFB36F40066E86856EA002636F48066D2
:108360004C4503D0DFF8F400844221D1A869B0F570
:10837000007F07D0A869002804D041F66A3136484A
:10838000FBF7E1FB6869B0F5807F07D068690028DA
:1083900004D041F66B313048FBF7D5FB37F48057FA
:1083A00037F40057686957EA0017A86957EA0017B9
:1083B0006760C4F81C806868E0632662BDE8F183EA
:1083C0002DE9F04104000D00206A30F48050206255
:1083D000D4F820806668E76937F4E04737F44077DF
:1083E000286857EA002738F40058A86858EA003887
:1083F0001148844203D0DFF86400844210D16869D8
:10840000B0F5807F07D06869002804D041F6A93113
:108410001148FBF798FB36F48046686956EA8016E7
:108420006660E76168682064C4F82080BDE8F08178
:1084300000400140001800400000014000040040DE
:1084400000080040000C004000440140004801408A
:10845000001C00400020004010E000080004014023
:1084600070B505000C0016002548854225D0B5F1F1
:10847000804F22D0234885421FD0234885421CD0FC
:108480002248854219D01D48854216D02048854291
:1084900013D02248854210D0214885420DD01D4876
:1084A00085420AD01F48854207D01F48854204D024
:1084B00041F694511848FBF746FB002C0CD0042CD5
:1084C0000AD0082C08D00C2C06D03C2C04D041F645
:1084D00095511148FBF737FB012114F01F0011FAE9
:1084E00000F0296A31EA00002862286A14F01F04AB
:1084F00016FA04F404432C6270BD0000000401402D
:10850000000001400004004000080040000C004052
:10851000004001400018004010E000080044014005
:1085200000480140001C0040002000407047704798
:10853000704770477047000078B587B0040000208E
:10854000002000200090DFF88C06016851F0040143
:108550000160006810F004000090009801A902A8D2
:1085600000F091FC0598002802D100F081FC02E0A7
:1085700000F07EFC4000DFF86016B0FBF1F0401E1A
:10858000DFF85856DFF85816296040F2E731E96005
:108590006860002028610020A8600020A8612800F1
:1085A000FFF70EF806003000C0B2002816D12800F0
:1085B000FFF7BAF806003000C0B200280ED11E2026
:1085C000FCF707FE102C08D2002221001E20FCF729
:1085D000E1FDDFF81006046000E001263000C0B2C3
:1085E00008B070BDDFF8F4050168C96849084900A2
:1085F0000068C160704780B500200090DFF8E80592
:10860000016851F480410160006810F480400090DE
:10861000009800200090DFF8BC05016851F08051FF
:108620000160006810F080500090009800220F2137
:108630007FF00100FCF7AEFD01BD80B592B03022A5
:10864000002106A8FCF744FC1422002101A8FCF735
:108650003FFC00200090DFF87C05016851F080515C
:108660000160006810F08050009000980020009099
:10867000DFF87805016851F480410160006810F46A
:10868000804000900098052006905FF480300790AD
:108690000120089000200B9002200C905FF48000D5
:1086A0000D9019200E904FF4A8700F90022010909A
:1086B0000720119006A800F051FC0F200190022025
:1086C0000290002003904FF4A050049005900521E3
:1086D00001A800F0A5FA13B000BD81B0DFF81015B5
:1086E000884210D1DFF80C150A68D2070BD400209D
:1086F0000090086850F001000860086810F0010060
:1087000000900098A6E0DFF8F014884210D1DFF85E
:10871000E4140A6892070BD400200090086850F017
:1087200002000860086810F002000090009891E0D4
:10873000DFF8C814884210D1DFF8B8140A6852076D
:108740000BD400200090086850F00400086008680E
:1087500010F00400009000987CE0DFF8A414884238
:1087600010D1DFF890140A6812070BD40020009093
:10877000086850F008000860086810F008000090D1
:10878000009867E0DFF87C14884210D1DFF86414A9
:108790000A68D2060BD400200090086850F0100040
:1087A0000860086810F010000090009852E0DFF8B0
:1087B0005814884210D1DFF83C140A6892060BD492
:1087C00000200090086850F020000860086810F051
:1087D0002000009000983DE0DFF83014884210D16E
:1087E000DFF810140A6852060BD4002000900868C5
:1087F00050F040000860086810F0400000900098B9
:1088000028E0DFF80C14884210D1DFF8E8130A687A
:1088100012060BD400200090086850F08000086019
:10882000086810F080000090009813E0DFF8E4136F
:1088300088420FD1DFF8BC030168C9050AD40021C2
:108840000091016851F480710160006810F480703B
:108850000090009801B0704770B504000D0016003C
:108860002000FFF73AFF3200D2B2290089B220007F
:10887000FCF71FFF70BD2DE9F04385B0040088466A
:1088800091461F000C9E0D9D142200216846FCF7A6
:108890001FFB2000FFF721FFCDF80080CDF80490EA
:1088A00002970396049569462000FCF7B5FC05B0D5
:1088B000BDE8F08380B50068C949884201D100F065
:1088C000C9FD01BD2DE9FC4100200090C9480168A7
:1088D00051F001010160016811F00101009100995E
:1088E00000210091016851F002010160016811F05E
:1088F00002010091009900210091016851F00401EA
:108900000160016811F004010091009900210091BB
:10891000016851F008010160016811F0080100913F
:10892000009900210091016851F010010160016877
:1089300011F010010091009900210091016851F09F
:1089400020010160016811F02001009100990021CF
:108950000091016851F040010160016811F040018F
:108960000091009900210091016851F0800101609F
:10897000016811F0800100910099002100910168C7
:1089800051F480710160006810F4807000900098CC
:108990009C4C012204212000FFF75EFF0020019083
:1089A000002000900023012204212000FFF763FF34
:1089B000012240212000FFF74FFF002001900020FE
:1089C00000900023012240212000FFF754FF0A20DD
:1089D000FBF7BCFE002204212000FFF73DFF002230
:1089E00040212000FFF738FF884C00224021200062
:1089F000FFF732FF002001900020009000230122A9
:108A000040212000FFF737FF002280212000FFF7E0
:108A100023FF0020019000200090002301228021EC
:108A20002000FFF728FF754C002208212000FFF7E7
:108A300013FF002001900020009000230122082154
:108A40002000FFF718FF704D00224FF4006128004E
:108A5000FFF702FF00200190002000900023012278
:108A60004FF400612800FFF706FF614E01224FF42A
:108A700000413000FFF7F0FE002001900020009040
:108A8000002301224FF400413000FFF7F4FE0122E1
:108A90004FF400413000FFF7DFFE0020019000207E
:108AA0000090002301224FF400413000FFF7E3FE65
:108AB000584F002201213800FFF7CEFE0020019020
:108AC000002000900023012201213800FFF7D3FE8F
:108AD000494F00224FF400713800FFF7BDFE00201F
:108AE000019000200090002301224FF40071380013
:108AF000FFF7C1FEDFF81881002240214046FFF752
:108B0000ABFE0020019000200090002301224021B4
:108B10004046FFF7B0FE002201212000FFF79CFE37
:108B2000002001900020009000230122012120005C
:108B3000FFF7A1FE324C012240212000FFF78CFEFE
:108B400000200190002000900023012240212000FD
:108B5000FFF791FE00224FF480712800FFF77CFEA2
:108B60000020019000200090002301224FF480712A
:108B70002800FFF780FE01224FF480713000FFF7DC
:108B80006BFE0020019000200090002301224FF492
:108B900080713000FFF76FFE0020019000200090F0
:108BA000002300224FF480713800FFF764FE00229A
:108BB0004FF400413800FFF74FFE002001900020E5
:108BC0000090002301224FF400413800FFF753FECC
:108BD000BDE8F3814038024040420F000011002000
:108BE0000008004054050020443802400070004056
:108BF00000000240303802400004024000080240F9
:108C0000000C024000100240001402400018024014
:108C1000001C02400020024070477047704700006F
:108C20002DE9F04104000D00002C01D101201AE1D2
:108C30002068002802D02068102805D340F25A216D
:108C4000DFF87802FAF77FFF002D13D0012D11D045
:108C5000022D0FD0032D0DD0042D0BD0052D09D0E2
:108C6000062D07D0072D05D040F25B21DFF84C021E
:108C7000FAF769FFDFF84862306810F00700A84291
:108C800007D23570306810F00700A84201D00120EB
:108C9000E9E0207880073AD52078400705D5DFF84D
:108CA0002402016851F4E05101602078000705D5E5
:108CB000DFF81002016851F460410160A0680028EB
:108CC0001DD0A06880281AD0A068902817D0A0686E
:108CD000A02814D0A068B02811D0A068C0280ED059
:108CE000A068D0280BD0A068E02808D0A068F028A1
:108CF00005D040F27E21DFF8C401FAF724FFDFF847
:108D0000C4110A6832F0F002A06802430A602078B9
:108D1000C00746D5606800280DD0606801280AD0D9
:108D20006068022807D06068032804D040F28521DB
:108D30006248FAF708FF6068012805D162480068B8
:108D4000800313D401208EE06068022802D060689E
:108D5000032805D15C480068800107D4012082E027
:108D600059480068800701D401207CE0554F3968DC
:108D700089088900606801433960FBF7FBFC804685
:108D8000386810F00C006168B0EB810F09D0FBF778
:108D9000F1FCB0EB080041F289318842F0D30320A6
:108DA00061E0306810F00700854207D23570306806
:108DB00010F00700A84201D0012054E020784007BD
:108DC0001ED5E068002814D0E068B0F5805F10D0B0
:108DD000E068B0F5A05F0CD0E068B0F5C05F08D0E7
:108DE000E068B0F5E05F04D040F2C3213348FAF701
:108DF000AAFE34490A6832F4E052E06802430A608D
:108E0000207800071FD52069002814D02069B0F50C
:108E1000805F10D02069B0F5A05F0CD02069B0F55C
:108E2000C05F08D02069B0F5E05F04D040F2CA21ED
:108E30002248FAF788FE2348016831F4604122692C
:108E400051EAC201016000F049F820491D4A126848
:108E5000C2F30312895CC8401D4908601D480068C0
:108E6000FFF76AFB0020BDE8F081194800687047F1
:108E700080B5FFF7FAFF1849124A1268C2F382223E
:108E8000895CC84002BD0F2202600E4A136813F0CD
:108E900003034360136813F0F0038360136813F453
:108EA000E053C3601268D20812F4E0520261044831
:108EB000006810F00700086070470000E8DF000855
:108EC000003C024008380240003802402CE1000813
:108ED000580500205405002000E2000810B50020CD
:108EE0000020002000201948006810F00C00002825
:108EF00004D0042804D0082804D025E0144824E035
:108F0000144822E0144C226812F03F02206840020C
:108F100009D52068C0F388100E49A1FB0001002389
:108F2000FEF754F908E02068C0F388100849A1FB57
:108F300000010023FEF74AF92168C1F30141491CF1
:108F40004900B0FBF1F000E0014810BD08380240D4
:108F50000024F40040787D01043802402DE9FC41F2
:108F60000400002C01D101205BE22068102804D30A
:108F7000E621DFF8B404FAF7E6FD2078C0076FD5E4
:108F8000606800280CD06068B0F5803F08D0606849
:108F9000B0F5A02F04D0EB21DFF88C04FAF7D3FD55
:108FA000DFF88804016811F00C01042909D0006879
:108FB00010F00C0008280ED1DFF87404006840029D
:108FC00009D5DFF870040068800349D5606800287F
:108FD00046D1012025E26068B0F5803F06D1DFF878
:108FE0005404016851F48031016018E06068B0F504
:108FF000A02F0AD1DFF83C04016851F48021016000
:10900000016851F48031016009E0DFF8280401684B
:1090100031F480310160016831F4802101606068C1
:1090200000280ED0FBF7A6FB0500DFF80804006857
:10903000800315D4FBF79EFB401B6528F5D3032066
:10904000EFE1FBF797FB0500DFF8E803006880031A
:1090500006D5FBF78FFB401B6528F5D30320E0E125
:109060002078800735D5E068002808D0E06801281E
:1090700005D040F21D11DFF8B003FAF764FD206956
:10908000202805D34FF48F71DFF89C03FAF75BFDBE
:10909000DFF89803016811F00C0F09D0006810F098
:1090A0000C0008283AD1DFF888030068400235D464
:1090B000DFF880030168890704D5E168012901D040
:1090C0000120AEE1016831F0F801226951EAC201E4
:1090D00001602078000762D56069002808D06069C7
:1090E000012805D04FF4AF71DFF83C03FAF72BFDF0
:1090F0006069002842D00120DFF83C130860FBF7CC
:1091000039FB0500DFF834030068800747D4FBF71C
:1091100031FB401B0328F5D3032082E1E0680028DF
:109120001AD00120DFF818130860FBF723FB0500B5
:10913000DFF800030168890706D4FBF71BFB401B1F
:109140000328F5D303206CE1016831F0F8012269AE
:1091500051EAC2010160BCE70020DFF8E4120860B8
:10916000FBF708FB0500B34800688007B1D5FBF7A3
:1091700001FB401B0328F6D3032052E10020AE4937
:109180000860FBF7F7FA0500AC480068800706D5D1
:10919000FBF7F0FA401B0328F6D3032041E12078C7
:1091A00040077DD50026A06800280AD0A0680128C5
:1091B00007D0A068052804D04FF4C5719A48FAF783
:1091C000C2FCA04D2868C0000BD400200090286885
:1091D00050F080502860286810F08050009000986F
:1091E0000126994F3868C00511D4386850F4807052
:1091F0003860FBF7BFFA80463868C00507D4FBF734
:10920000B9FAB0EB08000328F6D3032009E1A068FF
:10921000012805D18D48016851F00101016015E078
:10922000A068052809D18948016851F0040101604E
:10923000016851F00101016008E0844801684908B3
:1092400049000160016831F004010160A068002854
:109250000FD0FBF78FFA07007C480068800718D40E
:10926000FBF788FAC01B41F289318842F4D303200E
:10927000D7E0FBF77FFA070074480068800708D53D
:10928000FBF778FAC01B41F289318842F4D30320FE
:10929000C7E0F6B2012E03D1286830F08050286074
:1092A000A06900280AD0A069012807D0A069022877
:1092B00004D040F2CD115C48FAF745FCA0690028C3
:1092C00000F0AE805948006810F00C0008287CD0EF
:1092D000A069022868D1E069002808D0E069B0F5EB
:1092E000800F04D04FF4EB714F48FAF72CFC206A42
:1092F000402804D340F2D7114B48FAF724FC606AA7
:10930000323840F27F11884204D34FF4EC71464862
:10931000FAF719FCA06A02280DD0A06A04280AD026
:10932000A06A062807D0A06A082804D040F2D91104
:109330003D48FAF708FCE06A801E0E2804D34FF47B
:10934000ED713948FAF7FFFB414E00203060FBF722
:1093500011FA0700374D2868800106D5FBF70AFA95
:10936000C01B0328F6D303205BE0E169206A0143B8
:10937000606A51EA8011A06A4008401E51EA00412B
:10938000E06A51EA00612A48016001203060FBF781
:10939000F1F904002868800142D4FBF7EBF9001BC7
:1093A0000328F7D303203CE0002029490860FBF79D
:1093B000E1F904001F480068800131D5FBF7DAF9B4
:1093C000001B0328F6D303202BE0A069012801D15C
:1093D000012026E016480068A16901291ED010F47A
:1093E0008001E269914219D110F03F01226A914255
:1093F00014D147F6C0710140626AB1EB821F0DD1F2
:1094000010F44031A26A5208521EB1EB024F05D14E
:1094100010F07060E16AB0EB016F01D0012000E054
:109420000020BDE8F68100BFE8DF000808380240F0
:109430000438024000380240800E4742743802402F
:10944000000047424038024000700040703802403F
:109450006000474203480168034A12788918016096
:10946000704700BF38130020AD0600200100202007
:10947000002900D1401E0A0C1204002A01D109045F
:10948000103811F07F4F01D10902083811F0704FE8
:1094900001D10901001F11F0404F01D18900801E48
:1094A000002901D44900401E704780B5C143491CC2
:1094B0000840FFF7DBFF401E02BD80B5FFF7D6FF77
:1094C000401E02BD4068DFF82C170A68DFF8081854
:1094D00009680A439043704710B44368DFF81427C3
:1094E0001468DFF8F42712681443234019434160DD
:1094F00010BC704780B5FFF7E5FF002801D10120BF
:1095000000E00020C0B202BD4068DFF8E81609683C
:10951000084070474268DFF8DC1609680A43426079
:1095200070474268DFF8CC1609688A43426070478A
:109530004068DFF8A4170968084070474268DFF800
:10954000981709680A43426070474268DFF8881735
:1095500009688A4342607047DFF8DC1709684942AE
:1095600008447047DFF8D0170968084470470818A6
:1095700070470068704738B504002000FFF7A2FF6D
:1095800005002000FFF7EEFFDFF8181709686D1AD5
:109590002900FFF7ECFF05002000FFF7ABFF0028D4
:1095A00009D04FF48572DFF80017DFF8900700F05C
:1095B00025FCAFF30080280032BD10B50400200068
:1095C000FFF7D9FF046010BD10B504002000FFF7BD
:1095D000F4FFFFF7B3FF2000FFF79CFF10BD10B5AD
:1095E00004002000FFF7C7FFFFF7AFFF2000FFF7E1
:1095F00098FF10BD38B504000D00681E054209D063
:1096000040F22712DFF8A016DFF8380700F0F6FB6B
:10961000AFF300802C19641E6D1EAC43200032BDD8
:1096200038B504000D00681E054209D040F22D1225
:10963000DFF87416DFF80C0700F0E0FBAFF30080F2
:109640006D1E2540641B200032BD10B504000C19AE
:10965000641E481E8443481E014209D040F2351260
:10966000DFF84416DFF8DC0600F0C8FBAFF300803B
:10967000200010BD80B5002200280DD0DFF8C036D4
:109680001B68984208D2FFF7B5FF0200DFF80C070D
:109690000168914200D30268100002BD70B5040059
:1096A0000D001600802C04D20020042194FBF1F45C
:1096B00008E02000FFF701FF0100491FCC4094F0B3
:1096C0002004801F2860346070BDF8B504000D00D0
:1096D0001600202C08D301272000FFF7EEFE401FC4
:1096E00017FA00F0401E0419320029002000FFF78D
:1096F000D5FFF1BD2DE9F041060088461700D8F8E6
:1097000000503C685FF0FF3006EB8501496910FAB4
:1097100004F40C40002C11D131696D1C10FA05F5D0
:109720000D40002D01D100201FE02800FFF7BDFEF5
:109730000500C8F8005006EB85004469002C09D1EB
:1097400040F28312DFF86015DFF8600600F056FB88
:10975000AFF300802000FFF7A8FE386080214D4362
:1097600006EB050101EB8000406FBDE8F0812DE9BB
:10977000F8430600894617009846D9F80C50D9F8E6
:109780000840002D09D14FF4C872DFF81C15DFF82E
:10979000100600F033FBAFF30080002C09D140F23B
:1097A0009112DFF80415DFF8080600F027FBAFF38D
:1097B0000080E560AC60802000FB07F0304400EBE7
:1097C0008800406F48451FD1802000FB07F03044DF
:1097D00000EB88004467B44216D1012106EB8700F4
:1097E000406911FA08F830EA080806EB8700C0F86B
:1097F000148006EB87004069002805D1306911FA12
:1098000007F730EA07073761BDE8F1832DE9F0413A
:1098100006000C0017009846802000FB07F030443B
:1098200000EB8800456F002D09D14FF4D672DFF8A8
:109830007814DFF8700500F0E1FAAFF30080002C37
:1098400009D140F2AD12DFF86014DFF85C0500F0DA
:10985000D5FAAFF30080A560E660EC602000FFF76A
:1098600081FE05002000FFF77DFE0421FFF7EDFEDD
:10987000854209D040F2B312DFF82C14DFF834052A
:1098800000F0BCFAAFF30080802000FB07F030440A
:1098900000EB880044670121326911FA07F00243A6
:1098A000326106EB8700406911FA08F858EA0008AF
:1098B00006EB8700C0F81480BDE8F0813EB50400D7
:1098C0000D002800FFF7FEFD6A4601A9FFF7E6FE3E
:1098D000009B019A29002000FFF749FF37BD3EB5E4
:1098E00004000D002800FFF7EDFD6A4601A9FFF70F
:1098F000D5FE009B019A29002000FFF787FF37BDA6
:1099000010B50C00FFF7DEFD1034A04201D301209A
:1099100000E00020C0B210BD2DE9F84304000D00A6
:109920002000FFF71FFEDFF87C633168691AFFF73C
:109930001EFE07002000FFF7C5FD401BD6F8008083
:10994000B0EB08083800FFF70DFE81463800FFF73E
:1099500009FE0421FFF779FE814509D04FF4EE722C
:10996000DFF84413DFF8500400F048FAAFF300804A
:109970002000FFF7A7FD15EB080231688A18904216
:1099800009D04FF4EF72DFF82013DFF8300400F055
:1099900035FAAFF3008041463800FFF79DFD3800EF
:1099A000FFF790FDDFF8F4130968884209D24FF4FD
:1099B000F072DFF8F412DFF8080400F01FFAAFF3DA
:1099C000008029002000FFF787FD3800FFF7FCFD2D
:1099D0003800BDE8F28338B504000D002000FFF721
:1099E00089FD002809D040F2EB12DFF8BC12DFF845
:1099F000D40300F003FAAFF300802800FFF762FD04
:109A00006268DFF8C41309680818801860602000D5
:109A1000FFF7D3FD200032BD70B505000E00300009
:109A2000FFF786FD002827D03000FFF7A2FD0400D5
:109A3000002C09D14FF4FC72DFF86C12DFF88C03B4
:109A400000F0DCF9AFF300802000FFF75DFD002897
:109A500009D140F2F912DFF85012DFF8740300F078
:109A6000CDF9AFF3008021002800FFF727FF310078
:109A70002000FFF7B0FF0600300070BD70B5050094
:109A80000E003000FFF777FD0400002C09D140F2F2
:109A90000522DFF81412DFF83C0300F0AFF9AFF352
:109AA00000802000FFF730FD002817D03000FFF7BE
:109AB00021FD002809D040F20922DFF8EC11DFF87F
:109AC000180300F09BF9AFF3008021002800FFF796
:109AD000F5FE21003000FFF77EFF0600300070BD6C
:109AE00070B504000D0016002800FFF70DFD0028DA
:109AF00009D14FF40572DFF8B011DFF8E00200F091
:109B00007DF9AFF3008031002800FFF7F9FE00284F
:109B10000ED031002800FFF7FFFE06002800FFF7F7
:109B20004CFD3000FFF70AFD31002000FFF7D7FEA3
:109B300070BD7CB506000D00002001900020009053
:109B40000024002D0AD06A4601A92800FFF7BDFDB8
:109B50006A4601A93000FFF7CDFD0400002C14D0A7
:109B60002000FFF7AFFCA84209D240F24A22DFF8FA
:109B70003811DFF86C0200F041F9AFF30080009B70
:109B8000019A21003000FFF7F2FD200076BD10B5EC
:109B90000C000021002C09D02100FFF7A1FF2000BC
:109BA000FFF71DFD2000FFF7DDFC0100080010BDE0
:109BB0008060C0600021016100210AE0802303FB76
:109BC00001F3034403EB82035867521C202AF5DBA0
:109BD000491C182905DA002200EB81035A61002292
:109BE000F4E7704740F674407047DFF8DC01006826
:109BF0004000704730E20008F8B505000C0017007F
:109C0000FFF7F3FF06000421BF1B3800FFF708FD34
:109C100007002000042190FBF1F201FB1200002854
:109C200006D00421DFF8BC0100F002F9002038E082
:109C30005A4801688F4203D341490968B9420BD29F
:109C40003F490A689219006886193100DFF89801C7
:109C500000F0EEF8002024E0DFF86C0101684942D2
:109C60002000FFF784FC060039003000FFF734FCC9
:109C70003000FFF74FFC3000FFF767FC3100280091
:109C8000FFF72DFE3000FFF798FC050000212800AB
:109C9000FFF722FC2800FFF744FC2800FFF74EFCEA
:109CA0002000F2BD38E2000808E2000810B5040008
:109CB0002000042190FBF1F201FB1200002805D0E6
:109CC00004214B4800F0B4F8002003E02000FFF727
:109CD0006FFF200010BD000034E20008F8B504005A
:109CE0000D002000FFF7E2FF0600FFF77BFF0700F3
:109CF000FFF778FFEF1B3A0004EB00013000FFF79D
:109D00007BFF3C4805603000F2BD38B50400080018
:109D100000210421FFF7AEFC050029002000FFF719
:109D200008FF01002A002000FFF731FF31490A68CF
:109D3000551B0D6032BD00003CE2000834DF000816
:109D400044E20008B4D6000838B50400002924D045
:109D50000800FFF701FC05002800FFF7D5FB0028ED
:109D600007D040F2EF322149234800F047F8AFF323
:109D7000008020490A68686882180A602800FFF796
:109D800023FC29002000FFF747FE01002000FFF719
:109D900075FE01002000FFF7A2FD31BD40E2000882
:109DA000CCDA000840DA0008B0D7000874D7000801
:109DB000F8DA0008E0D400086CD40008F4D60008F3
:109DC00098D50008D0D8000838E2000824DB000845
:109DD0002CD6000850DB0008ECD7000870DA000829
:109DE00020DE0008A8D9000834D7000808E20008DF
:109DF000DCD900085013002008D9000880B50346BC
:109E000003A000F015F8BDE80140F8F772BE0000AD
:109E100025733A2564202573202D2D2061737365E9
:109E20007274696F6E206661696C65640A00000077
:109E30000EB4C0B5024603A800210190009101AB09
:109E40000121044878440C30FBF764FD06BC5DF842
:109E500010FB00BFF940000080B5FAF777FC01BDA8
:109E600080B500F0B7FA01BD10B5DFF83845207BAA
:109E7000002801D0200014E0022000F0C5FADFF82D
:109E80002805102181600021017300214173A06029
:109E900001202073DFF814056060200000F002F854
:109EA000200010BD38B50400A568A86800F0CCFA01
:109EB0006420FFF7D1FFA86800F0D3FA3220FFF743
:109EC000CBFF3021200000F04CF80520FFF7C4FF45
:109ED0003021200000F045F80120FFF7BDFF3021C0
:109EE000200000F03EF80120FFF7B6FF30212000EF
:109EF00000F037F80120FFF7AFFF0621200000F047
:109F000030F80120FFF7A8FF4021200000F029F8D9
:109F10000120FFF7A1FF8021200000F022F801209E
:109F2000FFF79AFF0C21200000F01BF80120FFF73B
:109F300093FF0221200000F014F80220FFF78CFFAD
:109F40000121200000F0A2F80120FFF785FF012188
:109F5000200000F006F81420FFF77EFF0120287390
:109F600031BD80B5DFF83404006801704820FFF788
:109F700077FF01BD80B5DFF8280400680170482034
:109F8000FFF76EFF01BD70B50400A068407B00289C
:109F900049D0002511E0DFF818042900C9B20901F1
:109FA00008443100C9B2415C2000FFF7E3FF761C92
:109FB0003000C0B21028EEDB6D1C2800C0B2202893
:109FC0000BDA55F08001C9B22000FFF7CAFF8021EB
:109FD0002000FFF7C6FF0026EAE7202511E0DFF8A2
:109FE000D0032900C9B2090108443100C9B2415C5B
:109FF0002000FFF7BFFF761C3000C0B21028EEDB58
:10A000006D1C2800C0B240280DDAB5F1200151F0D6
:10A010008001C9B22000FFF7A4FF88212000FFF7CC
:10A02000A0FF0026E8E770BD38B50400A068407BBB
:10A0300000280BD04FF480610022DFF87453280011
:10A04000FBF734FC2000FFF79EFF06E00121200013
:10A05000FFF787FF0220FFF7FFFE31BD80B5022129
:10A06000FFF77FFF0220FFF7F7FE01BD80B50C214F
:10A07000FFF777FF6420FFF7F3FE01BD80B50821ED
:10A08000FFF76FFF6420FFF7EBFE01BD38B504005A
:10A09000A5680800C0B2002813D0687B002810D142
:10A0A00034212000FFF75DFF0120FFF7D5FE3621A8
:10A0B0002000FFF756FF0120FFF7CEFE0120687356
:10A0C00015E0C9B2002912D1687B00280FD03421D5
:10A0D0002000FFF746FF0120FFF7BEFE30212000E1
:10A0E000FFF73FFF0120FFF7B7FE0020687331BD87
:10A0F00080B50B00DBB2002B05D1B2F18001C9B2F3
:10A10000FFF72FFF01BD0B00DBB2012B02D1B2F133
:10A110007001F4E70B00DBB2022B02D1B2F178013F
:10A12000EDE7C9B2032902D1B2F16801E7E7E9E737
:10A13000F8B505000E0017001C00002C07D0042EF7
:10A1400005DA102F03DA002E01D4002F00D536E0F7
:10A1500038000200D2B230000100C9B22800FFF777
:10A16000C7FF27E0082F08D138000200D2B2300024
:10A170000100C9B22800FFF7BBFF21782800FFF7D4
:10A18000F9FE641C7F1C2078002801D0102FE9DB29
:10A19000207800280ED0102F0CDB761C0027042E10
:10A1A00008DA38000200D2B230000100C9B228003B
:10A1B000FFF79EFF2078002801D0042EE3DBF1BDDD
:10A1C00030B40800C0B2802803DA1000C0B24028C2
:10A1D00000DB2FE00800C0B2082490FBF4F0C9B205
:10A1E000082491FBF4F504FB1511DBB2002B11D010
:10A1F000DFF8BC311400E4B224011C440500EDB2C8
:10A20000D2B212011A44C0B2105C80220A4110433B
:10A2100060550FE0664B1400E4B224011C440500B5
:10A22000EDB2D2B212011A44C0B2105C80220A41CF
:10A230009043605530BC70472DE9FE4F04008946BD
:10A2400093469DF808004946C9B2401A00F016F935
:10A2500005009DF830005946C9B2401A00F00EF9C9
:10A26000060048469DF80810C0B2884201D2012776
:10A2700001E05FF0FF3758469DF83010C0B28842C9
:10A2800002D25FF0010801E05FF0FF38B5EB060A8B
:10A290005FFA89F95FFA8BFB00940D9C0EE05FEA90
:10A2A0004A007142814203DABAEB060A17EB090948
:10A2B000A84203DA15EB0A0A18EB0B0B2300DBB2FA
:10A2C00058460200D2B248460100C9B20098FFF7D2
:10A2D00077FF9DF808008145E1D19DF83000834566
:10A2E000DDD1BDE8F78F80B5C9B2002902D00129C0
:10A2F00004D007E00021FFF7C9FE03E00121FFF7CA
:10A30000C5FEFFE701BD2DE9F04704001500180068
:10A31000C0B220385F283FD2062045436D1CCE00D6
:10A32000A81D812803DA16F10800412800DB33E07C
:10A330002048DBB200EBC300B0F580775FF0000887
:10A3400001E018F10108B8F1080F25DA17F80890B4
:10A350005FF0000ABAF1060FF3DA102151FA0AF1A0
:10A360004846C0B208420AD1002318EB0602D2B216
:10A370001AEB0501C9B22000FFF722FF09E0012313
:10A3800018EB0602D2B21AEB0501C9B22000FFF7A2
:10A3900017FF1AF1010ADDE7BDE8F087200500206C
:10A3A0002405002080120020A8120020280500208B
:10A3B000B0060020F0BC00080E48016851F0807122
:10A3C000016000200C4908600C48016851F001014F
:10A3D0000160704710B4084B1A6809490968094CB4
:10A3E000B1FBF4F148431968891A8142FBD310BCD0
:10A3F00070470000FCED00E0041000E0001000E0F9
:10A400005805002040420F0080B500F03BF801BD28
:10A41000001E1A2801D2012000E00020C0B27047BF
:10A4200010B504002000FFF7F3FF002801D1002041
:10A4300002E0024800EBC40010BD00009CD0000800
:10A4400080B500F06BF801BD80B5FFF7E9FF00288B
:10A4500006D00178002903D1406800F076F8FFE7C4
:10A4600001BD80B5FFF7DCFF002806D00178002988
:10A4700003D1406800F07AF8FFE701BD002848BF2B
:10A480004042704780B5002806D002280CD007D380
:10A49000042811D00CD312E00020FFF7E2FF0EE0F9
:10A4A0000120FFF7DEFF0AE01120FFF7DAFF06E0E8
:10A4B0000320FFF7D6FF02E00220FFF7D2FF01BD25
:10A4C00030B585B00400142200216846FAF700FD7B
:10A4D0002F4D600128448069FEF7FFF86001284491
:10A4E000027F60012844416889B260012844806984
:10A4F000FBF7DFF8600128444068009060012844C1
:10A500008068019060012844C0680290694660013B
:10A5100028448069FAF780FE05B030BD38B50024C4
:10A5200010E02000002813280BD82000FFF7C8FFF8
:10A5300001206101685404E0154D6001285C002889
:10A54000EFD0641C142CF7DB31BD80B5010000296D
:10A5500013290AD80E4B002241011944496889B2D7
:10A56000400118448069FBF7A4F801BD80B50100E3
:10A57000002913290AD8064B0122410119444968D0
:10A5800089B2400118448069FBF793F801BD0000CF
:10A59000A002002038B504000D00B4F1204F04D013
:10A5A000E321DFF81804F9F7CEFA286800280DD067
:10A5B000286802280AD02868042807D028680628B6
:10A5C00004D0E421DFF8F403F9F7BDFA6868002845
:10A5D00007D06868022804D0E521DFF8E003F9F726
:10A5E000B2FAA86800280AD0A868042807D0A8688A
:10A5F000082804D0E621DFF8C403F9F7A4FAE868D4
:10A6000000280AD0E868102807D0E868202804D07D
:10A61000E721DFF8A803F9F796FA2869002808D09F
:10A620002869B0F5807F04D0E821DFF89003F9F7BE
:10A630008AFA6869002808D06869B0F5007F04D0FC
:10A64000E921DFF87803F9F77EFAA869002808D035
:10A65000A869B0F5806F04D0EB21DFF86003F9F74B
:10A6600072FAE869002808D0E869B0F5006F04D0F4
:10A67000ED21DFF84803F9F766FA286A002808D0C8
:10A68000286AB0F5805F04D0EE21DFF83003F9F7D7
:10A690005AFA686A002808D0686AB0F5005F04D0EA
:10A6A000EF21DFF81803F9F74EFAA86A002808D05E
:10A6B000A86AB0F5804F04D0F021DFF80003F9F765
:10A6C00042FAE86A002808D0E86AB0F5004F04D0E2
:10A6D000F121DFF8E802F9F736FA286B002808D0F4
:10A6E000286BB0F5002F04D0F221DFF8D002F9F783
:10A6F0002AFAE86B002814D0E86BB0F5803F10D040
:10A70000E86BB0F5003F0CD0E86BB0F5403F08D0E7
:10A71000E86BB0F5802F04D0F921DFF8A002F9F73B
:10A7200012FA286854F8200040084000296844F8CC
:10A730002100A868082801D1402100E000216868B4
:10A740000143A8680143E868014328690143686937
:10A750000143E8690143286A0143686A0143A86A22
:10A760000143E86A0143286B0143A8690143E86B90
:10A770000143DFF84C0250F4806050F4E0202A6876
:10A7800054F8222032EA00000143286844F82010DF
:10A79000002032BD70B505000E001400B5F1204F49
:10A7A00005D04FF4C171DFF81402F9F7CCF9306825
:10A7B000102805D340F28311DFF80002F9F7C3F93E
:10A7C0007068002802D07068102805D34FF4C27159
:10A7D000DFF8E801F9F7B7F9B068002803D0B068EE
:10A7E000B0F5807F05D340F28511DFF8D001F9F78D
:10A7F000AAF9F068102805D34FF4C371DFF8BC0143
:10A80000F9F7A1F93069801E0F2805D340F28711AE
:10A81000DFF8A801F9F797F97069801E102805D3B1
:10A820004FF4C471DFF89401F9F78DF9B06900288D
:10A8300011D0B069B0F1805F0DD0B069B0F1005FA8
:10A8400009D0B069B0F1405F05D040F28911DFF85E
:10A850006C01F9F778F9002C0BD0022C09D0042CEC
:10A8600007D0062C05D04FF4C571DFF85001F9F779
:10A870006AF905EB8400416811F04041B269306823
:10A880000243706852EA0012B06852EA0022F0688F
:10A8900052EA00423069401E52EA00527069801E3E
:10A8A00052EA0062114305EB84004160002070BD54
:10A8B000F8B506000F0014001D00002D08D0B5F5F6
:10A8C000804F05D040F2B311DFF8F000F9F73BF903
:10A8D000B5F5804F6CD1DFF8EC00864205D040F230
:10A8E000B911DFF8D800F9F72EF93868102805D328
:10A8F0004FF4DD71DFF8C400F9F725F97868002816
:10A9000002D07868102805D340F2BB11DFF8AC0004
:10A91000F9F719F9B868002803D0B868B0F5807F56
:10A9200005D34FF4DE71DFF89400F9F70CF9F868FD
:10A93000102805D340F2BD11DFF88000F9F703F9C4
:10A94000B869002811D0B869B0F1805F0DD0B8693E
:10A95000B0F1005F09D0B869B0F1405F05D04FF4A5
:10A96000DF71DFF85800F9F7EEF8002C0BD0022C5D
:10A9700009D0042C07D0062C05D040F2BF11DFF817
:10A980003C00F9F7E0F856F82410DFF83C000140ED
:10A9900038680143786851EA0011B86851EA00212B
:10A9A000B8690143F86851EA004146F8241003E011
:10A9B0007FF0704046F824000020F2BD74E00008EB
:10A9C0007FFB0800040100A00000F0CF10B500EEEE
:10A9D000100A00EE901AB8EE400AF8EE600A80EE17
:10A9E000200ADFED9A0A20EE200ABDEEC00A10EE22
:10A9F000104A002C03D0B7480068844204D1B548FF
:10AA0000006810F1010F09D12300B34A002105208D
:10AA100000F0CDF900F0A2F9AE48046010BD80B599
:10AA2000AE4A0021052000F0C2F900F097F901BDFF
:10AA30002DE9F041A0B0002100210021009100216A
:10AA40000100C9B2022906D1A54BA0A2642107A822
:10AA500000F0DAF94DE0C0B201284AD107A800F0B1
:10AA6000F7F8002808D19F4A0021022000F09FF942
:10AA700000F074F90120E6E09B4907A800F0E6F930
:10AA8000002836D0451D2800FBF726FF04001520BE
:10AA900094FBF0F6152094FBF0F100FB1144002725
:10AAA00011E0152229000DF104084046F9F774F968
:10AAB00000208DF8190001AB84A20021B81C00F021
:10AAC00076F915357F1CB742EBDB002C0FD0220046
:10AAD00001AE29003000F9F75FF9002001A90855FF
:10AAE00001AB7AA20021BF1C380000F060F900F031
:10AAF00035F9694607A800F00DFAC0B2002803D165
:10AB000000987A4988420CD3794A0021022000F04B
:10AB10004EF900F023F94FF4FA60F9F717FE01201F
:10AB200091E0009DED1CAD08AD00280000F08EFA0C
:10AB30000400002C01D1012085E02900002226001C
:10AB40003000FAF7B3FE0023009A210007A800F0B6
:10AB500093F9C0B2002865D12700DFF898817969A0
:10AB600014F5807000F08EFAC8F80000796914F5C9
:10AB7000807000F083FA0600B5F5807114F58070DE
:10AB800000F07CFA5C490860B5F58075290014F581
:10AB9000807000F077FAC8F80000D7F8F800864215
:10ABA00033D1B868032806D0544A0021062000F0AB
:10ABB000FEF800F0D3F833007A6914F5807150483C
:10ABC00000F0A9FA002814D04E4A0021062000F017
:10ABD000EEF800F0C3F84FF4FA60F9F7B7FD00F0B3
:10ABE000CFF800F0BBF8002000F053F8FAF701FBB3
:10ABF00023E0454A0021062000F0D9F800F0AEF825
:10AC00004FF4FA60F9F7A2FD17E0404A0021062050
:10AC100000F0CDF800F0A2F84FF4FA60F9F796FDD5
:10AC2000012010E03A4A0021062000F0C0F800F0B0
:10AC300095F84FF4FA60F9F789FD002C02D0200056
:10AC400000F00CFA002020B0BDE8F0810000C842FE
:10AC500030B59BB00400002001902E4D01A800905B
:10AC6000012302AA1AA1286800F06EF9C0B20028D8
:10AC70000CD10198002809D002A800902B68264A20
:10AC80006421200000F0C0F8012000E000201BB08B
:10AC900030BD5FF00051086070475FF00050016800
:10ACA0001E4A914203D000681D49884201D101200B
:10ACB00000E0002070475FF00050006817498842AC
:10ACC00001D1022000E00120C0B2704725730000CE
:10ACD00062696E005C05002010E20008B0E1000827
:10ACE000ACDD00084CE1000818E2000801800C000F
:10ACF0005CE1000854130020581300203CDE0008DB
:10AD00000000010888E00008BCE10008C8E1000874
:10AD10006CE100086005002020E20008ABABA5A5AF
:10AD2000A5A5ABAB10B5DFF8D840002000F0C2FA03
:10AD300020602068002810D0206800F0C5FADFF8F5
:10AD4000C400402141608021016008210172152169
:10AD5000417200F015F800F001F810BD80B5DFF881
:10AD6000A000006800F0B7FA01BD80B51300DBB2A7
:10AD70000A000100DFF88800006800F0B6FA01BDA3
:10AD800070B500240AE0202229002000FFF7EDFF23
:10AD90006D1C96F909008542F5DB641CDFF86460E0
:10ADA00096F90800844201DA0025F2E770BD08B484
:10ADB000F0B586B004000D000BAB1621684600F01C
:10ADC0009FFA6846FBF788FD0700002606E0684604
:10ADD000825D71192000FFF7C8FF761CBE4201DAC0
:10ADE000152EF4DB7D1905E0202229002000FFF755
:10ADF000BCFF6D1C152DF7DB06B0F0BC5DF808FB41
:10AE00001C130020B812002008B438B585B009AC76
:10AE100000250494039500290EBF01950190491E59
:10AE20000291009504AB01A9074878441A30FAF75B
:10AE300071FD019901B10D70002858BF039806B04B
:10AE400030BC5DF808FB00BFAF79FFFF70B50D4661
:10AE50002C7834B970BD11F8013F1678B34206D092
:10AE6000401C2146FBF7B6FD28B101462A4612F8E0
:10AE7000013F002BEFD170BD78B5ADF50D7D0C0015
:10AE800015001E000122010001A8F6F70BFE0100CB
:10AE9000C9B2002901D0C0B239E0310001A8F7F7EA
:10AEA00080F806003000C0B2002805D001A8F7F7EE
:10AEB0005CF83000C0B22AE06B462A00210001A8ED
:10AEC000F6F721FF06003000C0B2002802D100983A
:10AED000A84218D03000C0B2002809D10098A8427A
:10AEE00006D20098A8420ED200212154401CF9E756
:10AEF00001A8F7F73AF83000C0B2002800D10126C7
:10AF00003000C0B203E001A8F7F72FF800200DF5DC
:10AF10000E7D70BD10B5C6B00C006946F7F770FA2B
:10AF20000100C9B2002903D000212160C0B202E0B3
:10AF300000982060002046B010BD000080B5F8F7F2
:10AF40004BFEF7F789FB01BD2DE9F843DCB00700A4
:10AF50000E0015009946649C5FF00008002C05D097
:10AF6000002D03D0002F01D0002E05D1002C01D0E0
:10AF70000020206013204FE0002020603000FBF70D
:10AF8000ABFCC01C212801D3132045E03300244A28
:10AF900020216846FFF738FF6B463A0008A94EA803
:10AFA000F7F71CFA06003000C0B2002826D19DF841
:10AFB000360000281FD0C8451DDA9DF82800C006BD
:10AFC00010D400200DF13600FBF786FC642809D26E
:10AFD0000DF13601642000FB08F02844FBF798FCD3
:10AFE00018F1010808A94EA8F7F7DAF906003000B1
:10AFF000C0B20028DBD04EA8F7F785F9C4F800806E
:10B000003000C0B2042803D03000C0B2052801D1FE
:10B01000002001E03000C0B25DB0BDE8F083000068
:10B02000E0E1000870B50400210000220F4D2E68F9
:10B030003000FAF73BFC0E4E21002868FEF74EFE6A
:10B0400030603068002800D1FEE770BD80B5010097
:10B05000002007480068FEF758FE02BD80B50100D9
:10B0600003480068FEF770FE01BD0000780500206F
:10B070005C13002080B500F061F901BD80B500F0DF
:10B0800077F902BD80B500F094F902BDB0F1006F10
:10B0900002D25FF0FF303DE07949884201D20020C2
:10B0A00038E07849884201D2012033E0764988426D
:10B0B00001D202202EE07549884201D2032029E006
:10B0C0007349884201D2042024E07249884201D2A7
:10B0D00005201FE07049884201D206201AE06F491E
:10B0E000884201D2072015E06D49884201D208202C
:10B0F00010E06C49884201D209200BE06A4988427D
:10B1000001D20A2006E06949884201D20B2001E001
:10B110005FF0FF3070472DE9F84787B004000D005D
:10B120001F0014F0030F01D00020A5E01600301915
:10B13000401EB0F1016F01D300209DE000F0B7F98F
:10B14000C0B2002801D0002096E0F32058490860E2
:10B15000002001902000FFF799FF80463019401E23
:10B16000FFF794FF18F1010F04D010F1010F01D087
:10B17000404503D200F0ABF900207DE000210291B0
:10B1800002210691CDF81080B0EB080818F10108F3
:10B19000CDF81480FFF743FC01A902A800F092FA51
:10B1A000C0B2002803D000F092F9002064E0A0466D
:10B1B0005FF0000907E018F1040819F104093100F3
:10B1C0004846FFF703FCB1452BD2B6EB0900042833
:10B1D00013D3042205EB0901EA465046F8F7DCFDDB
:10B1E000009A00234146022000F014F9C0B2002862
:10B1F000E1D000F06CF900203EE015F80920D2B251
:10B2000000234146002000F005F9C0B2002804D117
:10B2100018F1010819F10109D1E700F058F90020EF
:10B220002AE016F103085FEA98085FEA8808B0454B
:10B2300003D000F04CF900201EE0002003E00119CB
:10B2400009782954401CB042F9D3464507D2B8EBDF
:10B250000601002205EB06042000FAF727FB414611
:10B260002800FFF70BFFB84203D000F030F90020B0
:10B2700002E000F02CF9012008B0BDE8F0870000E2
:10B28000FF3F0008FF7F0008FFBF0008FFFF000826
:10B29000FFFF0108FFFF0308FFFF0508FFFF070886
:10B2A000FFFF0908FFFF0B08FFFF0D08FFFF0F0856
:10B2B0000C3C024080B50021002803D1FEF7D4FDEC
:10B2C0000100FFE7080002BD80B5002802D04168F8
:10B2D0000969884701BD80B5002805D04268516AD8
:10B2E000002901D0516A884701BD38B5002806D031
:10B2F0004568AC6A002C02D0DBB2AC6AA04731BD15
:10B3000008B584B00023039300290EBF0193019078
:10B31000491E0291009301A904AB074878441830F4
:10B32000FAF7F8FA019909B100220A70002858BF0B
:10B33000039805B000BD00BFBF74FFFF80B5314862
:10B340003149016000F0F4FA01BD81B000682E4976
:10B3500088420BD1002000902C48016851F48051A4
:10B360000160006810F480500090009801B07047B0
:10B37000F8B505000C002600B60814F00304214FB0
:10B3800032002900380000F005FB002C10D000200E
:10B390000090002005E010EB8601695C6A461154BC
:10B3A000401CA042F7D301226946380000F0DEFAC3
:10B3B000F2BDF0B403005FF0FF30154C00258D4264
:10B3C0001ED2002600270DE00BE08D42FCD213F8C0
:10B3D00005C03A00D2B2D2001CFA02FC5CEA0606B2
:10B3E0006D1C7F1C042FF0DB70400022202AE6DA5F
:10B3F000002801D4400001E094EA4000521CF5E727
:10B40000F0BC70470C13002000300240303802407E
:10B41000B71DC1042DE9F843894616001F0001211C
:10B42000DFF88052297E012901D102203DE004008D
:10B4300001202876002C0AD0012C08D0022C06D03E
:10B44000032C04D0A221DFF86002F8F77CFB4CF259
:10B450005038404600F042F80100C9B2002921D11D
:10B46000484632003B00002C04D11100C9B200F064
:10B47000C5F80EE0012C04D1110089B200F09DF84E
:10B4800007E0022C03D1110000F076F801E000F093
:10B490004DF8404600F022F8DFF810120A68520812
:10B4A00052000A6000212976C0B2BDE8F283002074
:10B4B0007E490A68002A08D57E4A7F4B13607F4B7D
:10B4C00013600968002900D50120C0B27047774891
:10B4D000016851F0004101600020704738B5040058
:10B4E000002000206F49C861F9F744F90500704851
:10B4F0000168C9030BD514F1010FF8D0002C04D05A
:10B50000F9F738F9401B8442F1D203200DE00168BD
:10B51000C90701D501210160006810F0F20F03D0C6
:10B5200000F08BF8012000E0002032BD70B506006D
:10B5300014001D00B6F10060B0F5801F09D360480B
:10B54000301AB0F5047F04D340F265215648F8F76D
:10B55000FAFA5648016831F440710160016851F40B
:10B5600040710160016851F0010101603460BFF376
:10B570006F8F361D356070BD38B504000D00B4F115
:10B580000060B0F5801F09D34D48201AB0F5047F44
:10B5900004D340F287214448F8F7D5FA43480168BC
:10B5A00031F440710160016851F40071016001687B
:10B5B00051F001010160256031BD38B504000D0076
:10B5C000B4F10060B0F5801F09D33D48201AB0F5F2
:10B5D000047F04D34FF428713348F8F7B4FA3348A2
:10B5E000016831F440710160016851F480710160BB
:10B5F000016851F001010160258031BD38B50400BA
:10B600000D00B4F10060B0F5801F09D32C48201A5A
:10B61000B0F5047F04D340F2B9212348F8F793FA38
:10B620002248016831F440710160016801600168DD
:10B6300051F001010160257031BD1D480168C90646
:10B6400006D51849CA6952F01002CA61102101607A
:10B650000168890606D51349CA6952F00802CA6111
:10B66000202101600168490606D50E49CA6952F0D9
:10B670000402CA61402101600168090606D5094932
:10B68000CA6952F00202CA6180210160016889071B
:10B6900006D50449CA6952F02002CA61022101603C
:10B6A0007047000060120020A4DE0008103C024039
:10B6B0000C3C0240043C024023016745AB89EFCDBE
:10B6C0000078FF1F2DE9F84306000C000120002040
:10B6D000DFF84C52287E012801D1022060E00120D1
:10B6E00028763068002807D03068012804D0A921C6
:10B6F000DFF83002F8F727FA4CF250384046FFF7EF
:10B70000EDFE07003800C0B2002845D15FF0FF30E1
:10B710002060306801280FD171683069C0B200F034
:10B7200041F84046FFF7DAFE0700DFF8FC01016848
:10B7300031F0040101602DE0F068B16808180028BC
:10B7400004D0F168B06841180D2904D3C121DFF895
:10B75000D401F8F7F8F9D6F8089001E019F10109D9
:10B76000F168B0684118894514D23169C9B24846B8
:10B7700000F04BF84046FFF7B1FE0700DFF8A801E4
:10B78000016831F0FA0101603800C0B20028E5D04C
:10B79000C4F8009000F09BF8002028763800C0B272
:10B7A000BDE8F28338B504000D002000C0B20028C7
:10B7B00011D02000C0B201280DD02000C0B2022854
:10B7C00009D02000C0B2032805D040F2BA31DFF81A
:10B7D0005401F8F7B8F9012D05D040F2BB31DFF87C
:10B7E0004401F8F7B0F9DFF84001016831F4407125
:10B7F0000160016851F0040101600168E4B22402B3
:10B8000054F480340C43046031BD38B504000D009D
:10B810000020002C1AD0012C18D0022C16D0032C9A
:10B8200014D0042C12D0052C10D0062C0ED0072CCE
:10B830000CD0082C0AD0092C08D00A2C06D00B2CCE
:10B8400004D040F2D9313748F8F77DF92800C0B26A
:10B85000002810D02800C0B201280CD02800C0B2A7
:10B86000022808D02800C0B2032804D040F2DA3100
:10B870002C48F8F768F92800C0B2002801D1002050
:10B880000EE02800C0B2012802D14FF4807007E01A
:10B89000EDB2022D02D14FF4007001E04FF4407080
:10B8A00021490A6832F440720A600A68104308604D
:10B8B000086830F0F80008600868E40054F00204FA
:10B8C00004430C60086850F48030086031BD1748AC
:10B8D000016889050FD5016831F4007101600168C4
:10B8E00051F400610160016831F400610160016898
:10B8F00051F400710160016849050FD5016831F408
:10B9000080610160016851F480510160016831F487
:10B9100080510160016851F480610160704700004E
:10B920006012002004DE0008103C0240003C02408F
:10B9300010B50400002C01D1012012E02068094953
:10B94000884203D068210848F8F7FDF8607900289C
:10B9500004D1002020712000FFF7F7FC0120607166
:10B96000002010BD00300240C0DF000830B40300EA
:10B97000002002205871002004E051F820401D688A
:10B980002C60401C9042F8D318680068012159715E
:10B9900030BC704730B400230223437103689B68B6
:10B9A00053F001030468A360002304E051F823402E
:10B9B00005682C605B1C9342F8D30168096801227A
:10B9C0004271080030BC704700BEFDE70EB410B5F0
:10B9D0008DB002006C460FAB32216846FFF790FC39
:10B9E00007E0924800680006FBD52078904908607F
:10B9F000641C20780028F4D10DB010BC5DF810FB59
:10BA0000F8B504000D0016001F008A48FFF7DEFF9E
:10BA1000200C000400281DD0E00302D58648FFF763
:10BA2000D5FFA00302D58548FFF7D0FF600302D5FC
:10BA30008348FFF7CBFF200302D58248FFF7C6FFFC
:10BA4000E00102D58048FFF7C1FFA00102D57F4881
:10BA5000FFF7BCFF14F47F4F19D0E00502D57C48F6
:10BA6000FFF7B4FFA00508D57A48FFF7AFFF200421
:10BA700003D539007848FFF7A9FF600502D577485C
:10BA8000FFF7A4FF200502D57548FFF79FFF2006AA
:10BA90000FD0E00702D57348FFF798FFA00702D543
:10BAA0007148FFF793FF200603D531006F48FFF779
:10BAB0008DFF680002D56E48FFF788FFA80702D502
:10BAC0006C48FFF783FFF1BD70B56B49EFF3088059
:10BAD00010300860694AEFF30980106068487346C7
:10BAE0000360684B00241C6002E01C68641C1C603E
:10BAF0001C68062C18D20468634D1E6855F8265041
:10BB0000AC42F2D11868002802D01868032803D18B
:10BB100008685E49086007E05C4B106818601868A8
:10BB2000002801D1086818605849086800285ED0CC
:10BB3000574C0868006820600868406860600868C2
:10BB40008068A0600868C068E060086800692061DB
:10BB500008684069606108688069A0610868C06918
:10BB6000E0614C4D4C48006828604C4800686860B3
:10BB70004B480068A8604B480068E8604A48FFF7F7
:10BB800025FF21684948FFF721FF61684848FFF712
:10BB90001DFFA1684748FFF719FFE1684648FFF716
:10BBA00015FF21694548FFF711FF61694448FFF718
:10BBB0000DFFA1694348FFF709FFE1694248FFF71C
:10BBC00005FF29684148FFF701FF69684048FFF712
:10BBD000FDFEA9683F48FFF7F9FEE9683E48FFF718
:10BBE000F5FEEB68AA6869682868FFF709FF3B491A
:10BBF0000020F7F7ACFFFAE70000000000BEFDE709
:10BC000000BEFDE700BEFDE7704780B53448FCF795
:10BC10001BF801BD70473348016831F48061016051
:10BC20005FF4800030490860704700000048004021
:10BC300004480040D4DE000840D9000874D600084B
:10BC400028D800087CDB00088CDD0008A4DB000895
:10BC5000CCDB0008E0DC000874D90008F4DB000845
:10BC600060D8000810DA0008A0DA000898D80008A8
:10BC7000E4D500081CDC0008441300204813002011
:10BC8000401300204C13002004DF00083C13002068
:10BC9000781300209813002028ED00E02CED00E040
:10BCA00034ED00E038ED00E0ECDE0008ACE0000828
:10BCB000BCE00008CCE00008DCE00008ECE0000894
:10BCC000FCE000080CE100081CE1000824E000088A
:10BCD00038E000084CE0000860E0000898E1000847
:10BCE000001100200C280040143C014070477047B0
:10BCF000000000000000000004040404040004002C
:10BD00000A0A0A00000000000A0A1F0A1F0A0A00A5
:10BD1000040F140E051E0400181902040813030072
:10BD20000C12140815120D000C040800000000008D
:10BD300002040808080402000804020202040800C1
:10BD40000004150E150400000004041F0404000084
:10BD5000000000000C0408000000001F00000000AC
:10BD600000000000000C0C0000010204081000009C
:10BD70000E11131519110E00040C040404040E0016
:10BD80000E11010204081F001F02040201110E001F
:10BD900002060A121F0202001F101E0101110E00EE
:10BDA0000608101E11110E001F01020408080800E9
:10BDB0000E11110E11110E000E11110F01020C00C7
:10BDC000000C0C000C0C0000000C0C000C04080013
:10BDD000020408100804020000001F001F000000F9
:10BDE00008040201020408000E110102040004000C
:10BDF0000E11010D15150E000E1111111F1111005C
:10BE00001E11111E11111E000E11101010110E0026
:10BE10001C12111111121C001F10101E10101F00F7
:10BE20001F10101E101010000E11101711110F000E
:10BE30001111111F111111000E04040404040E004D
:10BE40000702020202120C0011121418141211003F
:10BE50001010101010101F00111B151511111100DA
:10BE600011111915131111000E11111111110E00DC
:10BE70001E11111E101010000E11111115120D00BF
:10BE80001E11111E141211000F10100E01011E00C0
:10BE90001F040404040404001111111111110E00F7
:10BEA00011111111110A040011111115151B1100A6
:10BEB00011110A040A1111001111110A04040400DD
:10BEC0001F01020408101F000E08080808080E00D1
:10BED00000100804020100000E02020202020E001D
:10BEE000040A1100000000000000000000001F0014
:10BEF000080402000000000000000E010F110F00F6
:10BF00001010161911111E0000000E1010110E0055
:10BF100001010D1311110F0000000E111F100E0072
:10BF20000609081C0808080000000F110F010E0088
:10BF3000101016191111110004000C0404040E0055
:10BF40000200060202120C00101012141814120043
:10BF50000C04040404040E0000001A15151111004D
:10BF6000000016191111110000000E1111110E0020
:10BF700000001E111E10100000000D130F01010023
:10BF8000000016191010100000000E100E011E0007
:10BF900008081C08080906000000111111130D0003
:10BFA00000001111110A04000000111115150A00FA
:10BFB0000000110A040A1100000011110F010E0007
:10BFC00000001F0204081F00020404080404020009
:10BFD0000404040404040400080404020404080023
:10BFE0000000000C1206000080B5FCF7FBFA0020F0
:10BFF000A34908600020A34908600020A249086006
:10C00000002008E05FF0FF31A04A42F82010A04A6B
:10C0100042F82010401C0828F4D301BD10B50020C0
:10C0200000F050F9002801D1012100E000210800B2
:10C03000C0B200280FD0974C207800280BD1642084
:10C04000F8F784FB002000F03DF9002809D1012019
:10C050002070012006E0C9B2002902D100208D49DC
:10C060000870002010BDF8B500250027F8F782FB06
:10C070000400002000F026F900280FD10A35B5F59C
:10C08000FA7F1AD33800C0B2002816D1F8F772FB35
:10C0900006000127002000F01DF90EE0F8F76AFB0A
:10C0A000801B40F2D171884203D33800C0B200280F
:10C0B0000FD13800C0B200280DD00A20F8F746FB97
:10C0C000F8F758FB001B41F289318842D1D3002098
:10C0D000F2BD0120FCE70020FAE738B500246E4AE3
:10C0E00000210220FEF763FEFEF738FEF8F742FB60
:10C0F0000500FFF793FF002802D0641C022C0AD031
:10C10000F8F738FB401B42F211718842F1D3022C40
:10C1100002D1012001E0FAE7002032BD80B55F487E
:10C120000090009801685E480140B1F1005F0FD1B6
:10C13000FFF75AFF00985B49001D006808605A48E5
:10C14000096801600099096881F3088800688047E0
:10C1500001BD30B589B00020002500F0BFF8FCF724
:10C160006CFAFCF7AFFB00F0D3F805AB0DF115024C
:10C170000DF116010DF1170000F0D4F806A800F03B
:10C18000E1F8FEF78AFD04002000C0B2002802D1C9
:10C19000FFF769FF05002000C0B2002803D1280086
:10C1A000C0B200284DD000F0D7F85FF44010FEF781
:10C1B00039FF00F0EDF9FEF7FFF8FEF7BFFEFEF7DE
:10C1C000B1FD9DF8140002909DF8150001909DF8B6
:10C1D000160000909DF81730344A00210020FEF729
:10C1E000E6FD9DF91E0004909DF91D0003909DF948
:10C1F0001C0002909DF91B0001909DF91A0000900F
:10C20000BDF918302A4A00210120FEF7D0FDE4B222
:10C21000002C04D0FEF74FFDC0B2FEF709FCEDB2D2
:10C22000002D29D0FFF759FF002825D013A20021A7
:10C230000220FEF7BCFDFEF791FD0120FEF7F8FBA2
:10C240001AE0FFF76BFFFEF76DFD9DF814000290FA
:10C250009DF8150001909DF8160000909DF817308C
:10C26000144A00210020FEF7A2FD134A00210120FC
:10C27000FEF79DFDFEF772FDFEE7000020000000C6
:10C2800010E000E014E000E018E000E080E100E0F1
:10C2900080E200E07413002070DF00080000010855
:10C2A0000000FE2F341300203013002084DF00082C
:10C2B0006CDD000874DE000898DF000880B500F02F
:10C2C000D1FA01BD80B500F0D1FA02BD80B500F011
:10C2D00064FB01BD80B500F070FB01BD80B50B486B
:10C2E000016851F400710160016851F480610160DE
:10C2F000016851F4807101600320F8F736FF0F20C8
:10C30000FCF71AF9FCF777F9002002BD003C024067
:10C3100080B5FEF7AFFEFFF7D9FF00F07AFBFFF71D
:10C32000CDFF01BD30B404000A48806905002D0E20
:10C3300025700400240C0C700100090A117018709B
:10C3400030BC704780B501000248C069F6F710FAAA
:10C3500001BD00008801000870B58EB01C210022CC
:10C360006C462000F9F7A2FA1C21002207AC20003D
:10C37000F9F79CFA7C485FF0204404607B4D4560EF
:10C38000002181600021C160002101610021416123
:10C39000002181610021C16100210162002141620F
:10C3A0004FF4805686620021C162002101630021A2
:10C3B00041630021816300214164052100910F2127
:10C3C0000191142102910521039110210491112161
:10C3D0000591002106910022694600F01FFB644888
:10C3E00004604560022181600021C160002101617B
:10C3F00010214161002181610021C16100210162A0
:10C400000021416286620021C16200210163002196
:10C4100041630021816301210091012101910321E8
:10C420000291012103910221049102210591002131
:10C4300006910022694600F0F1FA4E48046045601A
:10C44000042181600021C16000210161002141615E
:10C45000002181610021C16100210162002141624E
:10C4600086620021C1620021016300214163002135
:10C4700081630021416404210091012101910F2178
:10C4800002910A21039100210691042107910121C3
:10C4900008910A2109910A210A910221049102219D
:10C4A000059107AA694600F0B9FA0EB070BD10B543
:10C4B00086B0142100226C462000F9F7F7F92E49C6
:10C4C0000868002849D101200860002005902B4809
:10C4D000016851F001010160006810F00100059051
:10C4E00005984FF69B70009002200190002002906A
:10C4F000032003900C20049069462148F8F78CFE35
:10C500004FF23F0000900220019000200290032093
:10C5100003900C20049069461A48F8F77DFE40F21B
:10C520003F600090022001900020029003200390C1
:10C530000C20049069461448F8F76EFE4FF6B3706D
:10C5400000900220019000200290032003900C2014
:10C55000049069460D48F8F75FFE06B010BD80B53F
:10C56000FFF7A5FF01BD000010100020040100A08E
:10C57000700F0020C00F00202C130020383802401C
:10C58000001002400014024000180240000C02405B
:10C59000DFF87002DFF870128161DFF87012C1619C
:10C5A000DFF86C120162DFF86C124162DFF868128A
:10C5B0008162DFF86812C165DFF86412C0F8A0106C
:10C5C000704770477047704780B59648F8F7CFFAC4
:10C5D00001BD80B59448F8F7CAFA01BD80B593480B
:10C5E000F6F784FD01BD80B5002091480168C907B8
:10C5F0000AD5012101608349886940688969896891
:10C600000A00002A00D0884701BD80B50020884874
:10C61000016889070AD5022101607A49C869406822
:10C62000C96989680A00002A00D0884701BD80B521
:10C6300000207F48016849070AD50421016071493B
:10C64000086A4068096A89680A00002A00D0884799
:10C6500001BD80B500207648016809070AD5082188
:10C6600001606849486A4068496A89680A00002A86
:10C6700000D0884701BD80B500206D480168C9061B
:10C680000AD5102101605F49886A4068896A896813
:10C690000A00002A00D0884701BD10B500202024E0
:10C6A00019E0B4F5007F15D15649C86D406BC96DCE
:10C6B000896B0A00002A0DD088470BE0B4F5807F13
:10C6C000EFD15049C86D806AC96DC96A0A00002A55
:10C6D00000D08847640040F20120844228D25448A8
:10C6E00001682142F6D00460202C09D14549C86D6B
:10C6F0004068C96D89680A00002AEBD08847E9E7DD
:10C70000402C09D13F49C86D0069C96D49690A00CB
:10C71000002ADFD08847DDE7802CCFD13949C86DAA
:10C72000C069C96D096A0A00002AD3D08847D1E7D9
:10C7300010BD10B500204FF480641DE0B4F5004F2B
:10C7400019D13049D1F8A000006CD1F8A010496C83
:10C750000A00002A0FD088470DE0B4F5804FEDD1D4
:10C760002849D1F8A000406BD1F8A010896B0A00CD
:10C77000002A00D08847640048F20100844240D279
:10C780002B4801682142F6D00460B4F5806F0BD1CC
:10C790001C49D1F8A0004068D1F8A01089680A00AF
:10C7A000002AE8D08847E6E7B4F5006F0BD11549B9
:10C7B000D1F8A0000069D1F8A01049690A00002A48
:10C7C000D9D08847D7E7B4F5805F0BD10D49D1F8B0
:10C7D000A000C069D1F8A010096A0A00002ACAD0D6
:10C7E0008847C8E7B4F5005FB7D10649D1F8A00083
:10C7F000806AD1F8A010C96A0A00002ABBD0884715
:10C80000B9E710BDE40C0020C4120020D0120020B3
:10C81000DC120020E8120020F4120020D8110020C1
:10C8200048110020100F0020B00E00202C0E002018
:10C83000143C0140001E1A2801D2012000E0002013
:10C84000C0B2704710B504002000FFF7F3FF0028C6
:10C8500001D1002002E0024800EBC40010BD00003E
:10C86000CCCF000880B500F02FF901BD80B5FFF7EF
:10C87000E9FF002802D17FF0620008E0017800297A
:10C8800003D1406800F03EF901E07FF0620002BD94
:10C8900080B553480068C0F38220042802D2FCF718
:10C8A000E7FA02E0FCF7E4FA400002BD38B5050003
:10C8B0000C00FFF7EDFF012100E0491CB1F1011F61
:10C8C00007D205FB01F2B0FBF2F2521EB2F5803F37
:10C8D000F3D24448491E036899620168CA62C26083
:10C8E000521CE4B204FB02F46421B4FBF1F10068D1
:10C8F000816331BD10B588B0002000903A480168CE
:10C9000051F040010160006810F040000090009874
:10C91000344C36482060002060600020A06040F267
:10C92000E730E060002020612000FAF7ADFF6020D2
:10C9300001904FF4FA7002900020039000200590BF
:10C94000042201A92000FBF73AFA08B010BD80B517
:10C9500086B0002000902648016851F080010160F7
:10C96000006810F08000009000981422002101A8B7
:10C97000F8F7AEFA4FF40070019002200290002008
:10C980000390002004900920059001A91948F8F7A8
:10C9900043FCFFF7AFFF07B000BD10B5002409E06E
:10C9A000002C06D1FFF7D3FF0A220321002000F05C
:10C9B00025F8641C002CF3D010BD80B5002804D1EC
:10C9C00004210848FBF720F808E00B4B002203EB9A
:10C9D000C001898853F83000F8F76BFE01BD0000F4
:10C9E00008380240901100204038024000180040F2
:10C9F00030380240001C02406800002080B50B0067
:10CA0000002805D11100C9B21800FFF74FFFFFE75A
:10CA100001BD80B5FDF714FD01BD000070B5040037
:10CA20000D001600002C01D1012027E094F84900E8
:10CA3000002805D1002084F848002000FFF78FFD72
:10CA400014F108012068FDF7A5FDA26829002068FF
:10CA5000FDF7A0FE236BA26831006068FDF728FF98
:10CA60002068A16850F8210050F001002168A268F8
:10CA700041F82200012084F84900002070BD000028
:10CA800078B585B00400142200216846F8F720FA32
:10CA90001C25274E05FB04F030444069FBF71DFEC2
:10CAA00005FB04F0305800900020019005FB04F0D5
:10CAB00030448068029069466C4306EB040040698C
:10CAC000F8F7AAFB06B070BD10B5002417E00120EE
:10CAD00002FB04F211440876200000280C2801D93A
:10CAE00010380BD12000FFF7CBFF07E01C221049C4
:10CAF00002FB04F00844007E0028E8D0641C142CDB
:10CB0000F4DB10BD80B5010000290C2901D91039D2
:10CB10000BD11C22064B02FB00F1595889B250433D
:10CB200018444069F8F7B0FD01E05FF0FF3002BD46
:10CB30007000002061001A03E0001703F8000703EB
:10CB4000FF000100780100013001320106013901C6
:10CB500010014A012E017901060180014D004302B6
:10CB6000810182018201840184018601870187019C
:10CB700089018A018B018B018D018E018F0190014A
:10CB80009101910193019401F60196019701980199
:10CB900098013D029B019C019D0120029F01A00183
:10CBA000A001A201A201A401A401A601A701A7015D
:10CBB000A901AA01AB01AC01AC01AE01AF01AF010B
:10CBC000B101B201B301B301B501B501B701B801BB
:10CBD000B801BA01BB01BC01BC01BE01F701C00133
:10CBE000C101C201C301C401C501C401C701C8011B
:10CBF000C701CA01CB01CA01CD011001DD0101004D
:10CC00008E01DE011201F3010300F101F401F401D0
:10CC1000F8012801220212013A020900652C3B02A8
:10CC20003B023D02662C3F024002410241024602A5
:10CC30000A015302400081018601550289018A01DF
:10CC400058028F015A0290015C025D025E025F028F
:10CC50009301610262029401640265026602670246
:10CC6000970196016A02622C6C026D026E029C01B1
:10CC7000700271029D01730274029F0176027702B5
:10CC8000780279027A027B027C02642C7E027F02A7
:10CC9000A60181028202A90184028502860287021E
:10CCA000AE014402B101B20145028D028E028F0233
:10CCB00090029102B7017B030300FD03FE03FF0313
:10CCC000AC0304008603880389038A03B1031103BC
:10CCD000C2030200A303A303C4030803CC0303009D
:10CCE0008C038E038F03D8031801F2030A00F903A3
:10CCF000F303F403F503F603F703F703F903FA0369
:10CD0000FA033004200350041007600422018A044F
:10CD10003601C1040E01CF040100C004D004440157
:10CD20006105260400000000C700FC00E900E200E5
:10CD3000E400E000E500E700EA00EB00E800EF00B7
:10CD4000EE00EC00C400C500C900E600C600F40017
:10CD5000F600F200FB00F900FF00D600DC00A200A4
:10CD6000A300A500A7209201E100ED00F300FA0066
:10CD7000F100D100AA00BA00BF001023AC00BD0032
:10CD8000BC00A100AB00BB00912592259325022594
:10CD900024256125622556255525632551255725CE
:10CDA0005D255C255B251025142534252C251C25A7
:10CDB00000253C255E255F255A25542569256625D5
:10CDC000602550256C25672568256425652559252E
:10CDD0005825522553256B256A2518250C258825AD
:10CDE00084258C2590258025B103DF009303C003A3
:10CDF000A303C303B500C403A6039803A903B403A4
:10CE00001E22C603B50329226122B10065226422D5
:10CE100020232123F7004822B0001922B7001A224C
:10CE20007F20B200A025A0002DE9F04107468846EA
:10CE3000387810F0030F16461D4633D0384600F000
:10CE400099F878BBB8F1000F1CBFD8E9000186192A
:10CE5000012D2ED13888C10415D5396A07F1440255
:10CE6000384600F0A3F83A6B044602B93A69F9680B
:10CE7000384600F09BF8361B341A7A69F968384650
:10CE800000F094F8261A1EB94DB916F1010F09D019
:10CE900097F903002A463146F5F74BFE064616F190
:10CEA000010F09D1232000F087F84FF0FF30BDE8D3
:10CEB000F081022DE8D1EBE7388810F4405F0ED006
:10CEC0007868F86038617861B86107F14401786882
:10CED000F861396207F13000002178623963B8F1F6
:10CEE000000F05D0D8E9020107F13402C2E90001C0
:10CEF0003B884CF6FF6003403B800020BDE8F0819A
:10CF000070B50546AFF30080288881042DD56E6882
:10CF1000002400E00644EA6895F903003146914296
:10CF200008D2521AF5F7E8FD10F1010F09D00028D8
:10CF3000F0D106E000220021F5F7DEFD10F1010F2F
:10CF400000D101246868E860A861E861298844B1DB
:10CF500041F4007129802846AFF300804FF0FF3084
:10CF600070BD4DF6FF70014029802846AFF3008068
:10CF7000002070BDF8B5A0B9AFF3008000250A4EBF
:10CF800008244FF0FF37306820B1FFF7B9FF0028C1
:10CF900048BF3D46361D641EF5D1AFF300802846DC
:10CFA000F2BDBDE8F240ABE78C060020914234BFF1
:10CFB000511A0021084670471FB50446FAF7FEFAD9
:10CFC000014944501FBD00BF6C1300200000000049
:10CFD0000000000000000000010000000000000050
:10CFE000020000000000000003000000000000003C
:10CFF0000400000000000000050000000000000028
:10D000000600000000000000070000000000000013
:10D0100008000000000000000900000000000000FF
:10D020000A000000000000000B00000000000000EB
:10D030000C000000000000000D00000000000000D7
:10D040000E000000000000000F00000000000000C3
:10D0500010000000000000001100000000000000AF
:10D06000120000000000000013000000010000009A
:10D0700000000000010000000100000001000000AD
:10D080000200000001000000030000000100000099
:10D090000400000001000000050000000000000086
:10D0A000000000000000000001000000000000007F
:10D0B000020000000000000003000000000000006B
:10D0C0000400000000000000050000000000000057
:10D0D0000600000000000000070000000000000043
:10D0E000080000000000000009000000000000002F
:10D0F0000A000000000000000B000000000000001B
:10D100000C000000000000000D0000000000000006
:10D110000E000000000000000F00000000000000F2
:10D1200010000000000000001100000000000000DE
:10D1300012000000000000001300000001000000C9
:10D1400000000000010000000100000001000000DC
:10D1500002000000010000000300000001000000C8
:10D160000400000001000000050000007D1D01001A
:10D17000632C001E9601A01E5A01001F0806101FF6
:10D180000606201F0806301F0806401F0606511F0E
:10D190000700591F521F5B1F541F5D1F561F5F1F43
:10D1A000601F0806701F0E00BA1FBB1FC81FC91FD3
:10D1B000CA1FCB1FDA1FDB1FF81FF91FEA1FEB1F67
:10D1C000FA1FFB1F801F0806901F0806A01F0806F5
:10D1D000B01F0400B81FB91FB21FBC1FCC1F010035
:10D1E000C31FD01F0206E01F0206E51F0100EC1F4F
:10D1F000F21F0100FC1F4E2101003221702110029C
:10D20000842101008321D0241A05302C2F04602CA6
:10D210000201672C0601752C0201802C6401002D8F
:10D22000260841FF1A03000010B50446E068A16912
:10D23000884251D3218849F202030B40022B08D0C7
:10D2400008044CBF4FF400704FF484400143218028
:10D250003BE001F4C042B2F5C04F06D1A16888425C
:10D2600003D32046FFF786FE78BB208810F4406F7A
:10D2700002BF606804F14401884217D14FF4007086
:10D2800000F02CF8606030B904F144006060E060A8
:10D29000401CA0600AE0218841F040012180E0604C
:10D2A000606100F500726068A260E0616068A1687A
:10D2B0002061A161207841070AD502220021204681
:10D2C00000F030F810F1010F02D14FF0FF3010BD27
:10D2D000208840F4C0402080002010BD70B5C51DDE
:10D2E000ED08AFF30080ED00072D98BF08250C4E28
:10D2F000346814B12068A84208D200F025F800284C
:10D300003060F4D1AFF30080002070BD6119451B7F
:10D3100014BF0D6000213160AFF30080204670BD66
:10D320006413002070B504460D461646AFF3008026
:10D3300033462A4600212046FFF776FD0546204663
:10D34000AFF30080284670BD0749086808B1002087
:10D3500070470648C008C00008600549C908C900F0
:10D36000091A0160704700BF68130020AF27002032
:10D37000A8290020809A45418E418F804545454926
:10D3800049498E8F9092924F994F555559999A9B32
:10D390009C9D9E9F41494F55A5A5A6A7A8A9AAABAC
:10D3A000ACADAEAFB0B1B2B3B4B5B6B7B8B9BABB45
:10D3B000BCBDBEBFC0C1C2C3C4C5C6C7C8C9CACB35
:10D3C000CCCDCECFD0D1D2D3D4D5D6D7D8D9DADB25
:10D3D000DCDDDEDFE0E1E2E3E4E5E6E7E8E9EAEB15
:10D3E000ECEDEEEFF0F1F2F3F4F5F6F7F8F9FAFB05
:10D3F000FCFDFEFFF0B402461068956813185068F3
:10D4000003EB5004C0071CD54D441AE013F8017B10
:10D4100005F8017B491EF9D198B113F8011BC6F339
:10D420008106032E08BF13F8016B01EB0621494268
:10D43000801C294405D011F8016B05F8016B401ED2
:10D44000F9D1A3420ED013F8016B16F0030104BF0B
:10D4500013F8011BC91C30090F28DBD113F8010B8D
:10D460000F30D7E7F0BC02F10C007047626C6F63BD
:10D470006B5F746F5F7074722872656D61696E693D
:10D480006E6729203D3D20616C69676E5F70747224
:10D4900028626C6F636B5F746F5F70747228726563
:10D4A0006D61696E696E67292C20414C49474E5F5A
:10D4B00053495A4529202626202272656D61696EDE
:10D4C000696E6720626C6F636B206E6F7420616C95
:10D4D00069676E65642070726F7065726C79220086
:10D4E000626C6F636B5F746F5F70747228626C6FD5
:10D4F000636B29203D3D20616C69676E5F707472BB
:10D5000028626C6F636B5F746F5F70747228626CFB
:10D510006F636B292C20414C49474E5F53495A4554
:10D52000292026262022626C6F636B206E6F742088
:10D53000616C69676E65642070726F7065726C797A
:10D540002200000038B50C46C5B22046AFF300807B
:10D55000E068A169884204D32046FFF765FE0028F1
:10D560000FD4E068401CE06000F8015D20880105F0
:10D5700003D440050BD50A2D09D12046FFF7FAFC4C
:10D5800028B12046AFF300804FF0FF3032BD204677
:10D59000AFF30080284632BD626C6F636B5F7369C6
:10D5A0007A652872656D61696E696E6729203E3DF6
:10D5B00020626C6F636B5F73697A655F6D696E2063
:10D5C00026262022626C6F636B2073706C69742056
:10D5D0007769746820696E76616C69642073697A12
:10D5E00065220000486172644661756C743A204699
:10D5F0006F7263656420486172644661756C742C57
:10D6000020706F737369626C7920657363616C61FC
:10D610007465642066726F6D206F74686572206631
:10D6200061756C74732E0D0A00000000626C6F63EC
:10D630006B5F69735F667265652870726576292015
:10D64000262620227072657620626C6F636B2069DB
:10D6500073206E6F7420667265652074686F7567DD
:10D6600068206D61726B65642061732073756368F7
:10D670002200000055736167654661756C743A203D
:10D68000417474656D707420746F2065786563757E
:10D69000746520616E20696C6C6567616C207374C1
:10D6A00061746520696E737472756374696F6E2E30
:10D6B0000D0A000030203D3D2028616C69676E2016
:10D6C000262028616C69676E202D203129292026AB
:10D6D0002620226D75737420616C69676E20746FEB
:10D6E000206120706F776572206F662074776F22DB
:10D6F00000000000626C6F636B5F73697A6528627B
:10D700006C6F636B29203D3D2072656D61696E5FB2
:10D7100073697A65202B2073697A65202B20626CEF
:10D720006F636B5F6865616465725F6F7665726871
:10D7300065616400746C73665F6164645F706F6FD1
:10D740006C3A204D656D6F72792073697A65206D32
:10D75000757374206265206265747765656E202537
:10D760007520616E642025752062797465732E0AB8
:10D7700000000000736C5F6D617020262620226916
:10D780006E7465726E616C206572726F72202D20EE
:10D790007365636F6E64206C6576656C2062697476
:10D7A0006D6170206973206E756C6C220000000042
:10D7B000626C6F636B202626202263616E6E6F742D
:10D7C00020696E736572742061206E756C6C2065C3
:10D7D0006E74727920696E746F2074686520667249
:10D7E0006565206C697374220000000021626C6F13
:10D7F000636B5F69735F6C61737428626C6F636BDA
:10D8000029202626202270726576696F7573206242
:10D810006C6F636B2063616E2774206265206C619E
:10D8200073742122000000005573616765466175BD
:10D830006C743A20496C6C6567616C206163636548
:10D84000737320746F2045505352202865786365A8
:10D850007074696F6E207374617465292E0D0A00EF
:10D860004275734661756C743A2042757320666127
:10D87000756C74206F636375727265642064757271
:10D88000696E6720657863657074696F6E20656E78
:10D890007472792E0D0A00004D656D4D616E6167E1
:10D8A000654661756C743A204661756C74206164DC
:10D8B00064726573732076616C6964206174204DB5
:10D8C0004D4641523A203078253038582E0D0A0006
:10D8D00021626C6F636B5F69735F6C617374287036
:10D8E00072657629202626202270726576696F750A
:10D8F0007320626C6F636B2063616E2774206265B6
:10D90000206C61737421220021626C6F636B5F690C
:10D91000735F6672656528626C6F636B29202626CB
:10D920002022626C6F636B20616C72656164792088
:10D930006D61726B6564206173206672656522009B
:10D9400055736167654661756C743A20556E646500
:10D9500066696E656420696E737472756374696F4D
:10D960006E207573616765206465746563746564B2
:10D970002E0D0A004275734661756C743A2046613B
:10D98000756C7420616464726573732076616C6970
:10D990006420617420424641523A20307825303864
:10D9A000582E0D0A00000000746C73665F61646499
:10D9B0005F706F6F6C3A204D656D6F7279206D7579
:10D9C000737420626520616C69676E65642062799A
:10D9D0002025752062797465732E0A00746C736655
:10D9E0005F6372656174653A204D656D6F72792071
:10D9F0006D75737420626520616C69676E65642063
:10DA0000746F2025752062797465732E0A000000FA
:10DA10004D656D4D616E6167654661756C743A2048
:10DA2000496E737472756374696F6E2061636365A8
:10DA300073732076696F6C6174696F6E2E0D0A00C6
:10DA400063757272656E7420262620226672656583
:10DA5000206C6973742063616E6E6F7420686176E8
:10DA6000652061206E756C6C20656E747279220081
:10DA7000626C6F636B5F69735F6672656528626C69
:10DA80006F636B292026262022626C6F636B206DEA
:10DA9000757374206265206672656522000000005F
:10DAA0004D656D4D616E6167654661756C743A20B8
:10DAB00044617461206163636573732076696F6C80
:10DAC0006174696F6E2E0D0A000000007072657639
:10DAD0002026262022707265765F66726565206654
:10DAE00069656C642063616E206E6F7420626520CE
:10DAF0006E756C6C220000006E65787420262620FE
:10DB0000226E6578745F66726565206669656C640F
:10DB10002063616E206E6F74206265206E756C6C80
:10DB20002200000070726576202626202270726521
:10DB30007620706879736963616C20626C6F636BC7
:10DB40002063616E2774206265206E756C6C220004
:10DB50006E65787420262620226E657874207068A1
:10DB600079736963616C20626C6F636B2063616EB3
:10DB70002774206265206E756C6C22005573616796
:10DB8000654661756C743A20436F70726F6365739C
:10DB9000736F7220616363657373206572726F7255
:10DBA0002E0D0A0055736167654661756C743A20E5
:10DBB000556E616C69676E6564206D656D6F727915
:10DBC000206163636573732E0D0A0000427573460E
:10DBD00061756C743A20496E737472756374696F01
:10DBE0006E207072656665746368206572726F720C
:10DBF0002E0D0A004275734661756C743A20496DAA
:10DC00007072656369736520646174612062757305
:10DC1000206572726F722E0D0A00000048617264F6
:10DC20004661756C743A20566563746F7220746136
:10DC3000626C652072656164206572726F722E0D70
:10DC40000A0000005253542C253034642D25303204
:10DC5000642D2530326420253032643A2530326418
:10DC60003A253032642C25642C00000010B5074999
:10DC700079441831064C7C44163404E00A68081DC7
:10DC8000114488470146A142F8D110BDC0000000F0
:10DC9000DC00000004480121017000787047024850
:10DCA0000121017000787047AE0600200020704707
:10DCB000002070470120C0B2704700004661696CC7
:10DCC000656420746F206D6F756E742053442063FB
:10DCD0006172642E204572726F723A2025640A00C8
:10DCE0004275734661756C743A205072656369734E
:10DCF00065206461746120627573206572726F7251
:10DD00002E0D0A007374726370795F733A2062613A
:10DD1000642064657374696E6174696F6E206172EA
:10DD200067756D656E7400004EF68851CEF2000185
:10DD3000086840F470000860BFF34F8FBFF36F8F27
:10DD40004FF00070E1EE100A704700000B47FFFF34
:10DD5000C80C0000B00600200000000099F6FFFF8C
:10DD6000F005000052030000680000204275696C55
:10DD7000643A2530346425303264253032642530ED
:10DD80003264253032642530326400005573616797
:10DD9000654661756C743A204469766964652062F1
:10DDA00079207A65726F2E0D0A000000303A4669BC
:10DDB000726D776172652F52656D6F74652F726534
:10DDC0006D6F46772E62696E0000000000F00DF85E
:10DDD000002801D0FFF74AFFAFF300800020AFF327
:10DDE0000080FEF7B6F900F002F80120704700F05D
:10DDF00001B800000746F4F7A8FE3846F4F7AFFE76
:10DE0000FBE7000073746D3332663478785F6861C5
:10DE10006C5F666C6173685F65782E63000000005C
:10DE2000626C6F636B5F73697A6528626C6F636B9A
:10DE300029203E3D2073697A650000004E6F7420F2
:10DE40006669726D7761726520666F7220646576AF
:10DE50006963652E000000000448016851F47001F8
:10DE600001605FF0006002490860704788ED00E0E3
:10DE700008ED00E0626F6F74206C6F616465722062
:10DE800025642E25642E25642E25640073746D335D
:10DE900032663478785F68616C5F636F727465783E
:10DEA0002E63000073746D3332663478785F686176
:10DEB0006C5F666C6173682E6300000073746D3371
:10DEC00032663478785F68616C5F6770696F2E6363
:10DED00000000000416E616C797A696E67204661CE
:10DEE000756C742E2E2E0D0A000000000D0A48617C
:10DEF00072644661756C745F48616E646C65720D26
:10DF00000A000000F1FFFFFFF9FFFFFFFDFFFFFF29
:10DF1000E1FFFFFFE9FFFFFFEDFFFFFF73746D33CC
:10DF200032663478785F6C6C5F73646D6D632E63FA
:10DF30000000000021626C6F636B5F69735F6C614E
:10DF4000737428626C6F636B2900000038B5044657
:10DF50000D46284600F006F8A84218BF00242046C7
:10DF600032BD00000149FFF7EDBA00BFFC050020FB
:10DF7000507265737320627574746F6E2074776964
:10DF800063650000426F6F742025642E25642E2582
:10DF9000642E256400000000556E61626C6520747B
:10DFA0006F20657865637574650000007F57000811
:10DFB0009F570008A9570008FB570008475800085A
:10DFC00073746D3332663478785F68616C5F637246
:10DFD000632E630073746D3332663478785F6861E2
:10DFE0006C5F646D612E630073746D3332663478D8
:10DFF000785F68616C5F7263632E630073746D3366
:10E0000032663478785F68616C5F73642E630000F9
:10E0100073746D3332663478785F68616C5F7469ED
:10E020006D2E63005343422D3E434653522020251C
:10E030003038580D0A0000005343422D3E484653E5
:10E04000522020253038580D0A0000005343422D3D
:10E050003E4D4D46415220253038580D0A000000F3
:10E060005343422D3E424641522020253038580D20
:10E070000A00000073746D3332663478785F6C6C1C
:10E080005F66736D632E63007570646174652066EE
:10E0900069726D77617265206F6B0000010305077F
:10E0A000090E10121416181C1E00000052302020F9
:10E0B000203078253038580D0A00000052312020D9
:10E0C000203078253038580D0A00000052322020C8
:10E0D000203078253038580D0A00000052332020B7
:10E0E000203078253038580D0A0000005231322097
:10E0F000203078253038580D0A0000004C5220207E
:10E10000203078253038580D0A0000005043202078
:10E11000203078253038580D0A00000078505352CE
:10E12000203078253038580D0A000000000000002B
:10E13000000000000102030406070809303A46699E
:10E14000726D776172652F557365720046696C65F3
:10E15000206E6F7420666F756E64000046696C6592
:10E16000206F70656E206661696C000046696C65A1
:10E170002052656164206661696C00000148804737
:10E180000148004759DE0008D5E10008222A3A3C40
:10E190003E3F7C7F0000000068617264206661750C
:10E1A0006C74000001000101010101000000000089
:10E1B00045726173696E672E2E2E00007570646162
:10E1C0007465206661696C00637263206661696CC6
:10E1D00000000000AFF30080FFF7A6FDFFF7F6FD9B
:10E1E0002A2E2573000000002B2C3B3D5B5D0000B8
:10E1F000000610160006101625732C25640D0A0063
:10E200000000000001020304746C73662E630000BA
:10E210002564252500000000557365722F0000005D
:10E2200025732F2573000000686A6C747A4C000017
:10E2300001000000020000000400000008000000CF
:10E240000C00000000000040FFF7FEBFFFF7FEBF1C
:10E25000FFF7FEBFFFF7FEBFFFF7FEBFFFF7FEBFF2
:10E26000FFF7FEBFFFF7FEBFFFF7FEBFFFF7FEBFE2
:10E27000FFF7FEBFFFF7FEBFFFF7FEBFFFF7FEBFD2
:10E28000FFF7FEBFFFF7FEBFFFF7FEBFFFF7FEBFC2
:10E29000FFF7FEBFFFF7FEBFFFF7FEBFFFF7FEBFB2
:10E2A000FFF7FEBFFFF7FEBFFFF7FEBFFFF7FEBFA2
:10E2B000FFF7FEBFFFF7FEBFFFF7FEBFFFF7FEBF92
:10E2C000FFF7FEBFFFF7FEBFFFF7FEBFFFF7FEBF82
:10E2D000FFF7FEBFFFF7FEBFFFF7FEBFFFF7FEBF72
:10E2E000FFF7FEBFFFF7FEBFFFF7FEBFFFF7FEBF62
:10E2F000FFF7FEBFFFF7FEBFFFF7FEBFFFF7FEBF52
:10E30000FFF7FEBFFFF7FEBFFFF7FEBFFFF7FEBF41
:10E31000FFF7FEBFFFF7FEBFFFF7FEBFFFF7FEBF31
:10E32000FFF7FEBFFFF7FEBFFFF7FEBFFFF7FEBF21
:10E33000FFF7FEBFFFF7FEBFFFF7FEBFFFF7FEBF11
:10E34000FFF7FEBFFFF7FEBFFFF7FEBFFFF7FEBF01
:10E350003009001C0240000200000010000193017F
:10E36000000112181C2101F202201C42081C52025A
:10E3700014B11C42041CF203401C520054F20980E8
:10E3800070F203103842201CF20A201CF20A401CD2
:10E39000F20A801C6115F1041CF20A021CF202044C
:10E3A0001C52141CF2090838F203048CF20A0454BB
:10E3B0006170F202401CF20A185455A4F20A01706E
:10E3C000F203081CF60A0C1861A81101D340001CC6
:10E3D0002101821C20F2030120F20E0840F20E0CF3
:10E3E00020F20114608B010088252C71348280405A
:10E3F0007120820020F302200020821020F206808B
:10E4000080920181F10020F20E18C09120F20E805E
:10E4100020F70D080040F70D00082021D5F100205D
:10E42000F20E0420F10FE0F60514607101A160F214
:10E430000540206114F20304E0F60E104081201222
:10E44000601C100860F1A0000831A1000829081222
:10E450005D04126D04127D041003E7A20008C118C8
:10E460001239083C06879F000807A30008580410CB
:10E470000224F400FF0110073CE1000895DC0008CD
:10E480009F0412AD0412B10412B5041161F0030728
:10E4900064363B00080452FF01E3622B1411AC11F7
:10E4A000D11003F8050020F90452F8042173A108E3
:10E4B00052E40CF10B01100402040101B0102820F9
:10E4C0000111002008310C11016108F0041240060E
:10E4D00000202C06485002080202604052600421CD
:10E4E000346108128844F212744812B4B412FC0465
:09E4F000F206442C0001010101B7
:040000050800E1D539
:00000001FF
