:020000040800F2
:100000000868002049C1000855BE000857BE000816
:1000100059BE00085BBE00085DBE0008000000007D
:100020000000000000000000000000007D34000817
:100030005FBE00080000000025340008095D0008CC
:1000400091C2000895C2000899C200089DC200082C
:10005000A1C20008A5C2000861BE00086BBE00086E
:10006000A9C20008ADC200086DBE0008B1C20008F8
:10007000B5C20008B9C2000853B60008F18C0008E8
:10008000BDC20008C1C20008C5C20008C9C200083C
:10009000CDC20008D1C20008D5C2000877BE000852
:1000A000D9C20008036C00080D6C0008DDC200080E
:1000B000E1C20008E5C200089DBE0008E9C20008D0
:1000C000EDC20008F1C20008F5C20008FD8C00086E
:1000D000F9C20008A9500008FDC20008B35000088A
:1000E000E5B4000801C3000805C3000809C30008FF
:1000F000176C00080DC3000811C3000815C30008E1
:1001000019C300081DC3000821C3000825C3000847
:1001100029C300082DC3000831C3000835C30008F7
:1001200039C300083DC3000841C3000845C30008A7
:1001300049C30008A7BE00084DC3000851C300080A
:1001400055C3000859C300085DC3000861C3000817
:1001500065C30008EFB6000849B60008BD500008A6
:1001600069C300086DC3000871C3000875C30008A7
:1001700079C300087DC3000881C3000800000000A7
:1001800085C3000889C300082DE9F14FB0B092463D
:1001900004910DF142013A9A2B9199464A70002040
:1001A0000AE01AF8011B0498309A9047002804903E
:1001B00000F0B4860D98401C0D909AF8000050B1E4
:1001C0002528EED1002100220791089209910A9278
:1001D0000B910C9204E00D9800F0A2BE41F00101D9
:1001E0001AF8010F2028F9D023280CD02B2804D08E
:1001F0002D2805D0302809D00BE041F00201EFE7AF
:1002000041F00401ECE741F00801E9E741F0100199
:10021000E6E72A280FD1D9F8002052F8040BC9F8D4
:10022000002000280F9003D540420F9041F00401B8
:100230000AF1010A14E00F92DFF824380AE00F985F
:10024000984205DA00EB800402EB4402303A0F9248
:100250000AF1010A9AF80020A2F130000A28EED330
:100260009AF800002E2803D04FF0FF320E9229E0BA
:100270001AF8010F2A2809D1D9F8000050F8042BE8
:10028000C9F800000E920AF1010A1BE02D280CBFEC
:100290000AF1010A002000220E92DFF8C4470BE0A9
:1002A00040B90E9AA24205DA02EB820503EB450340
:1002B000303B0E930AF1010A9AF80030A3F13002A4
:1002C0000A2AEDD3ADF84010DFF89807784400F221
:1002D00094709AF8001000F055FF08B11AF8010B5D
:1002E0008DF842009DF84200682805D19AF8000078
:1002F00068280CD1622106E06C2804BF9AF800003F
:100300006C2804D171218DF842100AF1010A12A85B
:1003100006901AF801BBBBF125012CD01C3900F066
:10032000D081091F022940F2CC81133900F02185C8
:10033000093900F0C681891E00F0B685491E00F01B
:100340006385491E022940F2BC81091F00F05C85CB
:10035000491F00F02881491E00F00B85491E00F05E
:10036000D080C91E0DD0891E00F00385C91E00F083
:10037000008500F0A4BD25238DF84830012100F050
:10038000A9BDD9F8000050F8044BC9F80000002CB2
:10039000059440F0A3802B994878002800F09980BC
:1003A0004FF0FF340FF6803000F004FF201A40F0C9
:1003B000B58500F090BD6D1E40F0A7853096079D75
:1003C00012AF75B1309E17F8012B02A9304600F02C
:1003D00071FE002801D46D1EF5D10028309640F042
:1003E0009D850A9D3020002D8DF804000CDD309E87
:1003F000012301AA02A9304600F06CFE002840F05B
:100400008D856D1EF4D13096059F089D75B1309E87
:1004100017F8012B02A9304600F04CFE002801D449
:100420006D1EF5D10028309640F078850B9D302068
:10043000002D8DF804000CDD309E012301AA02A9D5
:10044000304600F047FE002840F068856D1EF4D16C
:10045000309605980899099D471875B1309E17F890
:10046000012B02A9304600F025FE002801D46D1EA4
:10047000F5D10028309640F051850C9D3020002D9C
:100480008DF804000CDD309E012301AA02A930463C
:1004900000F020FE002840F041856D1EF4D130961A
:1004A0009DF8400041077FF588AE2020002C8DF894
:1004B00004007FF782AE309D012301AA02A92846DD
:1004C00000F008FE002840F02985641EF4D1309524
:1004D00073E60FF66040059000F0FDBC0E9D002D08
:1004E00004D5204600F086FE044607E02A46204652
:1004F00000F09CFE002814BF041B2C46089400F05A
:10050000EABCD9F8001051F8040BC9F8001020F02B
:100510000004002121F0FF3512ABCDE9024505931F
:10052000DDE9022306993C2413B90AB90E9898B163
:1005300002F00F053035641EEEB23A2EA8BF273503
:10054000120942EA03721B090D5508BF002A03D0A5
:1005500005980D19A842EBD308190590C4F13C0287
:100560000E98089282420ADABDF84010821A4FF6BD
:10057000EF7001400A92ADF8401000F0ACBC0028CA
:1005800040F1A9849DF8400000F01400102840F0CC
:10059000A2840F9B07990A985B1A1B1A9A1A002AC1
:1005A00040F39984E3E32B99487820B14FF0FF346E
:1005B0000FF65030F8E69DF84200622861D06828B6
:1005C00017D06A283FD06C2806D0712847D07428ED
:1005D0002CD07A281DD064E0D9F8001051F8040B13
:1005E000C9F80010002868D14FF0FF340FF62C3006
:1005F000DAE6D9F8001051F8040BC9F8001020B958
:100600004FF0FF340FF61430CEE60D99018000F064
:1006100062BCD9F8001051F8040BC9F8001000288A
:100620004BD14FF0FF340FF6F420BDE6D9F800109F
:1006300051F8040BC9F8001000283ED14FF0FF34E8
:100640000FF6D820B0E6D9F8001051F8040BC9F81D
:10065000001080B94FF0FF340FF6C020A4E6D9F89F
:10066000001051F8040BC9F8001020B94FF0FF3406
:100670000FF6A82098E60D9AD317C0E9002300F0E2
:100680002ABCD9F8001051F8040BC9F8001020B9A1
:100690004FF0FF340FF6842086E60D99017000F0CC
:1006A0001ABCD9F8001051F8040BC9F8001020B991
:1006B0004FF0FF340FF6642076E60D99016000F0EC
:1006C0000ABCD9F80020D21D22F00702C9F8002088
:1006D000D2E900010832C9F80020CDE90201C80FB3
:1006E00002D007982D210AE0BDF84000810702D50D
:1006F00007982B2103E0C00705D50798202112AAEF
:100700001154401C079012A807994BF0200243187F
:10071000DDE90201CDE92C01612A059321AC0BD062
:100720000E98002802D506200E9005E001BF4BF080
:100730002000672801210E91DDE9020148004015E3
:10074000401C0A460DD109030BD0ABF16105032013
:100750001A2D089002D20FF6E0110DE00FF6DC1111
:100760000AE070B912030CD1ABF1610503201A2D18
:1007700008901AD30FF6CC110322184600F082FD20
:10078000A9E3DDE90201CDE92E01DDE92E2323F005
:100790000047B7F5801F22F000060DD20022002F7F
:1007A00008BF002E009203D116E00FF69411E3E784
:1007B0006A4600F0BBFD0FE0DFF8D808DFF8D81874
:1007C00000EB17500090DDE92E234FF0FF30194069
:1007D000DFF8C87810403943CDE902014BF0200022
:1007E00061280DD1059830210170821CBBF1610F89
:1007F00005920CBF7821582141700798801C079002
:10080000DDE9020120F0000231F0004308BF002AB8
:1008100002D10026002567E14BF02008B8F1610FF6
:1008200040F0B4800E98002847BF21210191401C60
:100830000190019FDDE92C017F1C00220023DDE9EE
:10084000024500F0ABFD00998DF8842038BF85F09B
:100850000045091F002F00910DF1850653DD20464C
:1008600029460022002300F0B1FD4CD24800400D83
:1008700000F11C0312D0002B10DD40F2FF70834208
:1008800006DBDFF81C1805F000421143002011E0E0
:100890006FF31E5141EA035120460BE024F00000A3
:1008A00035F0004108BF00280FBF29461C22294609
:1008B00000F0A4FD04460D4600F03EFEFF1F002F91
:1008C000804609DD00F056FE02460B4620462946CA
:1008D00000F062FE04460D46F01D0721B8F1000F3E
:1008E0000CDD491E5EBF08F00F0200F8012D4FEA33
:1008F0002818F3D502E0002200F8012D491EFAD590
:10090000C61D002FABDC0DF18500361A019886421A
:10091000D8BF304600280DF1850430D4B04206DA45
:100920000DF185010A5C082AA8BF0F2100DA002119
:10093000024621AB134400E0401E13F80159521E39
:100940008D42F9D00F2904D10DF185018B5C5B1C20
:100950008B54002A04D50099091D21AC401C00913C
:10096000411E0CD46218ABF13A0613783033DDB275
:100970003A2DA8BFF318491E02F80139F5D50E9992
:10098000002940F1AF80421E0E92ABE00099DFF8E3
:10099000142747F29750414391FBF2F2DDE92C45D1
:1009A000009225F00045D2F1070204DD20462946D9
:1009B00000F04DFB0BE052420020DFF8EC1600F097
:1009C00046FB02460B462046294600F057FE0446E9
:1009D000B8F1660F0E9806BF009F0A3706273F182A
:1009E000142FC8BF142730200D468DF884000DF158
:1009F0008506002F38DD2046294600F063FF0146BA
:100A00000A4606F1080304200A26B2FBF6F606EBB6
:100A1000860EA2EB4E02303203F8012C0A22B6FBFE
:100A2000F2F202EB820EA6EB4E063036401E03F8C1
:100A3000026DE9D1083F002F03F10806D9DD084611
:100A400000F054FF02460B462046294600F0A4FD64
:100A50000022DFF8583600F057FF04460D46CAE77B
:100A6000CBCCCC0C10B800000DF18500361A0DF17E
:100A7000850404E00098401E761E0090641C2078D7
:100A80003028F7D0B8F1660F02D10099491C04E074
:100A9000B8F1650F0CBF012100210E98081886429D
:100AA000B8BF701E00281DD4B04204DA215C34297E
:100AB000C8BF392100DC30210246631E9D1800E0CA
:100AC000401E15F80169521E8E42F9D0392902D113
:100AD000A15C491CA154002A04D50099491C1C465C
:100AE000401C00910646009D00F0E0FF406A077838
:100AF000DDF8388030B2002802DC01260FF24864AD
:100B00004BF02000662808BF6D1C16D0672846D120
:100B100028B210F1040F48DB404546DA9DF840004A
:100B20006D1C010703D430B24045B8BF804628B2DF
:100B3000B8EB000848BF4FF000080FFA85FBBBF187
:100B4000000F00F3B5800898411C089130220599E8
:100B50000A54B8F1000F03DC9DF84000010704D5EA
:100B60000898411C089105990F5418EB0B0FB8BF5A
:100B7000C8F100052DB268420B90A84432B29045EE
:100B8000B8BF4646059B089836B2099632462146BC
:100B9000184400F077FBA8EB06000C90D2E0BBF104
:100BA000610F17D14FF0700B19E030B2404504DAF5
:100BB0009DF840100A0758BF8046B8F1010848BFA9
:100BC0004FF00008BBF1670F14BF4FF0450B4FF01B
:100BD000650B04E0BBF1410F08BF4FF0500B0898C4
:100BE000411C0891B8F1000F059914F8012B0A5423
:100BF00003DC9DF8400001071AD50898411C0891B4
:100C0000B8F1000F05990F5412DD761E30B2804501
:100C10000598089BB8BF464632B22146184400F0FA
:100C200031FB089936B271180891A8EB06000B90B9
:100C300005980899084429B2002980F800B003D427
:100C40002B224270821C04E02D2242700D46821C31
:100C50006D4200212CAB28460AE004460A2094FB92
:100C6000F0F000EB8005A4EB450403F8014B491CB0
:100C700000B20028F1DC012906DC4BF020006528D9
:100C800004BF302002F8010B00292CAB08D1302022
:100C900002F8010B06E0491E585C303002F8010BE7
:100CA0000029F8DC059908980844121A099249E0CD
:100CB00030B229B288421CDA0598089B32B221462C
:100CC000184400F0DFFA089936B27118ABEB06064B
:100CD000B8F1000F08910B9603DC9DF84000020765
:100CE00004D5059847540999491C0991CDF83080DD
:100CF00028E00598089B2AB22146184400F0C2FA61
:100D00000898761B5844B8F1000F089003DC9DF852
:100D100040100A0703D5411C089105990F5430B2C1
:100D200080450598089BB8BF464632B204EB0B01DC
:100D3000184400F0A7FA089836B230180890A8EBCB
:100D400006000B909DF8400000F01400102840F0C1
:100D5000C280079A08990B988A18099982180C98EA
:100D60008A1882180F98824280F2B580821A0A92FD
:100D7000B1E09DF84200622808D068280ED06A28A9
:100D800014D06C281FD0712810D01CE0D9F80010A6
:100D900051F8040BC9F80010C0B21AE0D9F80010DD
:100DA00051F8040BC9F8001080B212E0D9F8002005
:100DB000D21D22F00702C9F80020D2E90001083252
:100DC000C9F8002006E0D9F8001051F8040BC9F862
:100DD00000100021CDE902019DF8400001075AD51D
:100DE000DDE90223002B08BF002A54D04BF020007D
:100DF000782850D1079812A930220A54401C431C6D
:100E0000079301F800B046E09DF84200622808D040
:100E100068280ED06A2814D06C281FD0712810D0F2
:100E20001CE0D9F8001051F8040BC9F8001040B2CA
:100E30001AE0D9F8001051F8040BC9F8001000B2FC
:100E400012E0D9F80020D21D22F00702C9F80020D4
:100E5000D2E900010832C9F8002006E0D9F80010F4
:100E600051F8040BC9F80010C117CDE9020100299F
:100E700002D507982D210AE0BDF84000810702D570
:100E800007982B2103E0C00705D50798202112AA57
:100E90001154401C079012A807990144059102A81B
:100EA000594600F04FF816E001200790D9F80000ED
:100EB00050F8041BC9F800008DF848100BE02521FC
:100EC0000122BBF1000F8DF84810079203D08DF876
:100ED00049B0022107910F9A07980A990C9C121A9F
:100EE0000898521A0B99121A0998521A121A9DF858
:100EF0004000141B41073FF562AA2020002C8DF80A
:100F000004007FF75CAA309E2546012301AA02A9AE
:100F1000304600F0DFF800283FF44DAA4FF0FF30D4
:100F200031B0BDE8F08F00007072696E74665F7357
:100F30003A2062616420257320617267756D656E69
:100F4000740000002DE9FC4307466F293E6908BF85
:100F5000082405D041F02000782814BF0A2410246A
:100F60003C25D7E90023642918BF69299046994692
:100F700005D1002B03D5D8F1000869EB4909B9F177
:100F8000000F08BFB8F1000F0CD1386B50B9082C16
:100F900039D197F83800010735D530203B2586F840
:100FA0003B0030E08DF80010404649462246E317EA
:100FB00000F080FD3032D0B26D1E3A28019504DB7E
:100FC0009DF80000A0F151018A187255404649462B
:100FD0002246E31700F06EFD80465FEA010908BF74
:100FE000B8F1000F03D0F86871198842DCD3082CDF
:100FF00009D197F83800010705D5705D302802D077
:101000006D1E30207055C5F13C02BA617119F9604E
:10101000386B824208DA821A3A624FF6EF70398FE3
:1010200001403987BDE8F38300280ED597F83800D2
:1010300000F01400102808D17B6B7969386A5B1ABC
:101040001B1A9A1A002AC8BF3A62BDE8F3832DE939
:10105000D04306460F4614464FF00008DFF8509084
:1010600012E0E00707D542464B463046394600F0CD
:101070004BFC06460F464046494642464B4600F06A
:1010800043FC641080468946002CEAD1304639463C
:10109000BDE8D08302FCFFFFFFFF0F800000E03FB0
:1010A0000000F07FA08601000000F03F84D7974148
:1010B0000000244010B503460C461146A06898472E
:1010C000A06020B1E06A401CE062002010BD4FF03B
:1010D000FF3010BDF8B505460E4617461C460020E9
:1010E0005CB117F8011BB068A847B06030B1F06A76
:1010F000401CF0620020641EF3D1F2BD4FF0FF30BF
:10110000F2BD00007072696E74665F733A20256EDE
:1011100020646973616C6C6F776564007072696ECE
:1011200074663A2062616420256E20617267756D75
:10113000656E7400000000006E616E004E414E004E
:10114000696E6600494E4600300030B4002513E059
:1011500050F8042BD30744BFA9F101039A18091FC3
:10116000042942F8045BFAD213468C0744BF158069
:101170009B1CC90748BF1D7050F8041B0029E7D10C
:1011800030BC7047C9B202788A421AB11CBF10F84D
:10119000012FF9E718BF002070478268521C826057
:1011A000426832B10268531C036011704168491EE5
:1011B0004160704780B500B906A005490B681BB1B6
:1011C00022220021984701E000F08CFD222002BD80
:1011D000F8630020636F6E73747261696E742068C7
:1011E000616E646C65723A20626164206D65737330
:1011F0006167650000F10103810704D010F8011B4D
:10120000820781B1FAD10268A2F10131914311F054
:10121000803104BF50F8042FF6E709BAB1FA81F122
:1012200000EBD100401CC01A70472E00C9B28307E2
:1012300006D0521E22D310F8013B9942F7D11FE08D
:10124000083A13D302F1040241EA012141EA0141C3
:1012500050F8043B121F21BF4B40A3F1013C2CEA84
:10126000030C1CF0803FF3D0C9B2001F083210F805
:10127000013B521E28BF91EA030FF8D818BF012086
:10128000401E704762B38B0708D0521E11F8013B15
:1012900000F8013B00F024808B07F6D1830740F073
:1012A000208000BF103A07D330B4B1E83810103AAC
:1012B000A0E83810F9D230BC530724BFB1E80810B9
:1012C000A0E8081044BF51F8043B40F8043BD207A3
:1012D00024BF31F8022B20F8022B44BF0B78037097
:1012E0007047121F17D35B0009D151F8043B20F857
:1012F000023B1B0C121F20F8023BF6D20BE051F808
:10130000043B00F8013B1B0A20F8023B1B0C121F98
:1013100000F8013BF3D238BF121D521E24BF11F852
:10132000013B00F8013BF8D87047000010B51446A7
:1013300000F002F8226010BDC1F30A5343B14A0025
:1013400012F5001F28D2A3F2FE32A1EB0251704722
:1013500050EA410C20D001F0004C31EA0C01B1FA06
:1013600081F204BFB0FA80F3D2180B3AB2F1200335
:101370002CBF00FA03F1914041EA0C013EBFC2F1DB
:10138000200C20FA0CF319439040524240F2FD33F6
:10139000D21A01EB03517047002270474FF4001C32
:1013A0001CEB410F94BF1CEB430F09E041EA030C17
:1013B00050EA4C0C52EA0C0C03D2994208BF9042FE
:1013C000704714BF8B428242704700004FF4001CEC
:1013D0001CEB410F94BF1CEB430F09E041EA030CE7
:1013E00050EA4C0C52EA0C0C03D28B4208BF8242EA
:1013F000704714BF9942904270470000124254D483
:1014000040F2FF7C1CEA11530FD0634531D09B188A
:1014100063453CBF01EB0251704701F0004141EAD6
:101420000C510020AFF30080704750EA410320D0F8
:1014300001F0004C91EA0C011CD0B1FA81F30B3B96
:101440009A420DD9D21A994051EA0C01C3F1200CED
:1014500020FA0CFC61449840531C40F2FF7CD7E713
:10146000914041EA0C01C2F1200C20FA0CF319431F
:1014700090407047B0FA80F31533202BE0D3202A38
:10148000EED3203A203B9A4209D9D21A00FA03F14E
:1014900041EA0C010020531C40F2FF7CB8E700FA3F
:1014A00002F141EA0C0100207047524240F2FF7CF9
:1014B0001CEA11530DD06345DBD0B2EB030C3CBFEB
:1014C000A1EB025170470CF1010221EA035141F4F2
:1014D000801150EA410CCCD001F0004C352A27DCB9
:1014E00030B481EA0C01B2F1200309DAC2F1200321
:1014F000044601FA03F5D0402843D1409C400CE05B
:10150000C3F12002450020FA03F418BF44F001049F
:1015100021FA03F091400C43002174F1004550F191
:10152000000051EB0C01244230BC7FF47BAF7047CC
:101530006146002076E70000C1F30A5340F2FE3214
:101540009B1A14DDD3F120034FEAE17208DDC902D2
:1015500041EA505141F00040D84080185040704757
:1015600003F2E13010B1D24382F000407047002016
:1015700070470000C11768B14840401AB0FA80F2C5
:101580009040D21CC907C2F5846241EA025202EBC4
:10159000D02140057047000070B44FF0004591EA3B
:1015A000030F40F1A3836B40841A71EB030603D24F
:1015B000001BB141121973414FF4001C1CEB410F89
:1015C00034BF7CEB430442E00C0DA4EB1356352EE4
:1015D0004FDC45EAC323DB0A45EAC121C912B6F153
:1015E00020050DDD63FA05F6EB4086EA030512429D
:1015F00018BF45F00105C01851F100010CD213E0ED
:1016000062FA06F5F2405540F3415A40B340F340C8
:101610005A408018594107D349085FEA30005FEA11
:10162000350528BF45F0010501F58011420875F127
:10163000004250F1000041EB04514E0016F5001F2E
:1016400070BC38BF70470020090D090570471CEBBE
:10165000410F10D252EA43060BD0BCEB410F05D824
:101660000C0DAB43661E342EB6DD02E0AB43801892
:10167000594170BC704770BC70470000F0B540F233
:10168000FF7581EA030C0CF0004C15EA11541DBFE4
:1016900015EA1357AC42AF42E5E0BC41C1F3130178
:1016A000C3F31303801A994143F4801304D2641ED8
:1016B0004000494180185941C90241EA5051B1FBEB
:1016C000F3F603FB1611A2FB0675D7EBC020A94168
:1016D00002D2761E80185941C90241EA5051B1FB2D
:1016E000F3FE03FB1E11A2FB0E75D7EBC020A94130
:1016F00003D2AEF1010E80185941890241EA90519E
:10170000760546EA8E2EB1FBF3F603FB1611A2FB1B
:101710000675D7EB8020A94102D2761E8018594168
:10172000C90241EA50514EEA060EB1FBF3F603FB43
:101730001611A2FB0675D7EBC020A94102D2761E76
:1017400080185941C90241EA5051B1FBF3F703FB3C
:101750001711A2FB0735D3EBC020A94167F10007A1
:101760000CBF004247F0010766F3D5274FEA1E3150
:10177000B80814F5806412DDBD0775F1004250EB26
:101780000E5051EB045111F5801F5CBF41EA0C0172
:10179000F0BD4CF07F6141F0E0410020F0BDBD079D
:1017A0006D0840EA0E5041F48011D4F10104B4F107
:1017B00020060ADAC4F120060200E04001FA06F32E
:1017C000E1401843B24015430EE0342C13DCC6F15F
:1017D000200445EA40056D0820FA06F2154321FA77
:1017E00006F0A1400D43002175F1004250F10000C8
:1017F00051EB0C01F0BD00205FEA0C01F0BDCFB948
:1018000092185B41B3FA83F704BFB2FA82F6BF19AC
:101810000B3FB7F120062FBF02FA06F3BB40C7F11A
:10182000200622FA06F638BF3343BA401CB1E41949
:10183000641E33E77F4231F00041B1FA81F404BF06
:10184000B0FA80F6A4190B3CB4F120062FBF00FAC1
:1018500006F1A140C4F1200620FA06F638BF314354
:10186000A0403C1B1AE7AC421ABF05EA1357AF422F
:1018700012E050EA41061CBF52EA4306BFE750EAB5
:101880004107304661461CBF41EA0551F0BD52EAAE
:10189000430C08BFC143F0BD00204FF4001616EB07
:1018A000410F98BF16EB430F08BF16EB410F24BF43
:1018B000C14305E016EB430F0CBF61464CEA0551EE
:1018C000F0BD0000400D491840EA81200CD2490DBE
:1018D000A1F58061491C40F0004005DBD1F11F01FA
:1018E00054BFC840C017704700207047014648B138
:1018F000B0FA80F18840C91CC1F58461090501EB8B
:10190000D021400570470000B0B581EA030C0CF00F
:10191000004C40F2FF7515EA11541DBF15EA13572C
:10192000AC42AF4239E0E41923EA455343F4801353
:10193000C90241F0004141EA505EC7021100A7FB15
:10194000020200284FF00000EEFB01204FF00001E2
:10195000E3FB072118BF42F0010240180021494172
:10196000E3FB0E01A4F580640F0302D25200404154
:10197000494154F101046CDD470872F1004250F115
:10198000000051EB0451A1F580115CBF41EA0C014C
:10199000B0BD4CEA05510020B0BD05EA1357AC427A
:1019A00014BFAF4241E050EA410E1CBF52EA430E61
:1019B00002E061460020B0BD24423C441BD15FEAF6
:1019C000070EF6D0090302BF01460020AEF1140E47
:1019D000B1FA81F7AEEB070401FA07FE0C37C7F145
:1019E000200100FA07F7C8404EEA000E23EA4553EB
:1019F00043F48013A2E733F00043B3FA83F704BF44
:101A0000B2FA82FE77440B3FE41BB7F1200E2FBFE2
:101A100002FA0EF3BB40C7F1200E22FA0EFE38BFC9
:101A200043EA0E03BA40641C82E750EA410E14BF39
:101A300052EA430E6FF000014FF4001717EB430F0B
:101A40008ABF194617EB410FB5E74CEA0551002054
:101A5000B0BDD4F10104B4F120070FDAC4F12007BE
:101A6000520828BF42F0010210FA07F501FA07F701
:101A7000E1BF2A43E0403843E1400FE0352C98DCD9
:101A8000C7F1200452EA400220FA07F218BF42F0E0
:101A9000010231FA07F0A1400A43002172F100422D
:101AA00050F1000051EB0C01B0BD00000048704740
:101AB000FC010020BBBBE1B1B2F5803F80F07E802D
:101AC000022A1ED98C46B1FBF2F102FB11C31B04A2
:101AD00043EA1043B3FBF2FC02FB1C3380B240EA42
:101AE0000343B3FBF2F002FB103240EA0C40002348
:101AF0007047022A05D98446B0FBF2F002FB10C2FF
:101B000070474AB105D100F0010249085FEA300090
:101B1000704700220023704700F09EB90B000200BE
:101B2000002100207047904271EB030CF6D3B3F50F
:101B3000803F2FD2F0B5B3FA83F7B1FA81F4A7F161
:101B40000F0E3D1B5340CEF1200602FA0EF2F34178
:101B50005340B5F10F0746D80F3C2C444140C4F127
:101B60002006A040F1414140B1FBF3F603FB161102
:101B7000A2FB0645001BA94102D2761E80185941DE
:101B800080EA010221FA0EF362FA0EF200215A40B5
:101B90003046F0BD30B4B1FBF3FC03FB1C11A2FBDB
:101BA0000C45001BA94103D2ACF1010C801859412E
:101BB00030BC02460B46604600217047B2F1807F80
:101BC00065D3F0B5B2FA82F7B1FA81F4C7F10F0626
:101BD0003D1B22FA06F307F1110EF24120355A405F
:101BE000B5F10F07B8D94140C4F12006A040F1413A
:101BF0004140B1FBF3FC03FB1C11A2FB0C45001B95
:101C0000A94103D2BCF1010C801859410F2F12D306
:101C10000F3FC90341EA5041B1FBF3F603FB161134
:101C2000A2FB0645D4EBC030A94102D2761E801833
:101C3000594146EACC3C07B34140C7F12006B840C1
:101C4000F1414140B1FBF3F603FB1611A2FB06453F
:101C5000001BA94102D2761E8018594180EA010278
:101C600021FA0EF3C7F1200462FA0EF20CFA07F023
:101C70005A402CFA04F13043F0BD80EA010221FA07
:101C80000EF3002162FA0EF260465A40F0BD8C4617
:101C9000B1FBF2F102FB11C31B0243EA1063B3FB79
:101CA000F2FC02FB1C331B024CEA002043EA1063E7
:101CB000B3FBF2FC02FB1C331B024CEA002043EA9C
:101CC0001063B3FBF2FC02FB1C331B024CEA002046
:101CD00043EA1063B3FBF2FC02FB1C324CEA002027
:101CE00000237047012000F0B9B80000841A71EB9E
:101CF000030604D26E40001BB141121973414FF428
:101D0000001C1CEB410F34BF7CEB430683E00C0D41
:101D1000A4EB1356362E00F37C80012E45EAC32334
:101D200041DC43EA525312BFD20292025B082405FF
:101D300045EAC12141EA5051D2EBC020994125D456
:101D400007D1B0FA80F610FA06F162D000202036F2
:101D500008E0B1FA81F6B140C6F1200220FA02F2A1
:101D60001143B0404FEAF474B4EB465434F001062A
:101D70004FEA74040AD8D6F50016760D04F0004434
:101D8000F04061FA06F25040F1404840C00A40EA93
:101D9000415021F0004128BF5FEA500550F100009A
:101DA00044EBD12135E0DB0A45EAC121C90AB6F18D
:101DB00020050EDD42EA0242120CC5F1200603FAAC
:101DC00006F6EB4042EA06056D42984161F10001DA
:101DD0000DE062FA06F5F240554063FA06FC82EA2D
:101DE0000C02F3405A406D42904161EB030111F443
:101DF000801F05D1641E620502D06D00404149413B
:101E000021F48011430875F1004350F1000041EBCB
:101E1000045170BC70471CEB410F15D223F00043F6
:101E200052EA43060BD04FEA4C0CBCEB410F04D8EE
:101E30000C0D661E342EB7DDEBE7801A994150EA8F
:101E4000410608BF0021E4E708BF1CEB430F28BF91
:101E50006FF00001DDE7000070470000202109035A
:101E600026311820ABBEF9E778B585B005000B9890
:101E7000002807D1502080F31188BFF34F8FBFF3A4
:101E80006F8FFEE70C9C002C07D1502080F3118847
:101E9000BFF34F8FBFF36F8FFEE75C260096009E67
:101EA0005C2E07D0502080F31188BFF34F8FBFF313
:101EB0006F8FFEE7009E002C13D0002811D0206306
:101EC000022084F8590000200390029404A8019095
:101ED0000A980090280000F042F8200000F0A0F8D6
:101EE00001E000200490049806B070BD2DE9F8438D
:101EF00084B00700884616009946300080B2800002
:101F000000F054FD0500002D0BD05C2000F04EFDCC
:101F10000400002C01D0256304E0280000F0D8FD67
:101F200000E00024002C15D0002084F85900002087
:101F3000039002940D9801900C9800904B46B6B215
:101F400032004146380000F00AF8200000F068F83E
:101F5000012001E05FF0FF3005B0BDE8F0832DE91E
:101F6000F84305000C00170098460A9EB900A52208
:101F7000D6F83090484600F059FE306B00EB8700F1
:101F8000071FFF08FF0017F00700002807D05020A8
:101F900080F31188BFF34F8FBFF36F8FFEE7002CE4
:101FA00010D0002100E0491C102907D2605C06EB2C
:101FB000010282F83400605C0028F4D1002086F829
:101FC000430002E0002086F83400DDF82090B9F1EB
:101FD000380F01D35FF03709099CC6F82C90C6F87A
:101FE0004C9000203065301D00F062FE16F11800A4
:101FF00000F05EFE3661D9F13809C6F818907662B5
:1020000000207065002086F85800424629003800FC
:1020100000F08CFE3060002C00D02660BDE8F1831B
:1020200038B5040000F012FFDFF868130868401CA0
:102030000860DFF864532868002806D12C6008681F
:1020400001280DD100F0E5FA0AE0DFF8500300683E
:10205000002805D1E06A2968C96A884200D32C604B
:10206000DFF83C030168491C016000686064DFF828
:1020700034030168E26A914201D2E16A0160211DE4
:10208000DFF82423E36A1420434302EB030000F04B
:1020900012FE00F0F5FEDFF80403006800280DD002
:1020A0002868C06AE16A884208D25FF08050DFF891
:1020B00090140860BFF34F8FBFF36F8F31BD10B521
:1020C00004000020002C14D0DFF8B00300680028C2
:1020D00007D0502080F31188BFF34F8FBFF36F8F6D
:1020E000FEE700F05DF80021200000F013FC00F096
:1020F0005DF8002808D15FF08050DFF844140860D4
:10210000BFF34F8FBFF36F8F10BD10B586B00020A7
:1021100004900020039005AA03A904A800F032FF50
:10212000DFF8104604980290039801900020009078
:102130000023059ADFF800160FF2B140FFF794FE76
:1021400020602068002801D0012000E00020012844
:1021500001D100F023FF012817D1502080F311880E
:10216000BFF34F8FBFF36F8F5FF0FF30DFF8501674
:1021700008600120DFF8241208600020DFF838131F
:10218000086000F0FCFD06B010BD10F1010FFAD19F
:10219000502080F31188BFF34F8FBFF36F8FFEE79E
:1021A000DFF8D8020168491C0160704770B500244F
:1021B0000025DFF8C8623068002807D1502080F37E
:1021C0001188BFF34F8FBFF36F8FFEE700F03EFE25
:1021D0003068401E30603068002855D1DFF8B40107
:1021E0000068002826D14FE0C868C46814F11800C0
:1021F00000F088FD201D00F085FDDFF8A8010168D2
:10220000E26A914201D2E16A0160211DDFF8982162
:10221000E36A1420434302EB030000F04CFDE06A44
:10222000DFF874110968C96A884203D30120DFF816
:10223000B8160860DFF8F81408680028D4D1002C1C
:1022400001D000F052FADFF8BC663468002C0CD0E4
:1022500000F02AF8002803D00120DFF88C1608606F
:10226000641E002CF4D100203060DFF87C0600688A
:10227000002809D001255FF08050DFF8C412086003
:10228000BFF34F8FBFF36F8F00F0FAFD280070BDD2
:10229000DFF824020068704780B500F01BFE0020C4
:1022A000DFF81402006802BDF8B500257348006825
:1022B000002867D180480468641C0460002C19D190
:1022C000DFF8801208680068002807D0502080F3EB
:1022D0001188BFF34F8FBFF36F8FFEE708689A4AEC
:1022E00013680B601060DFF820060168491C01606C
:1022F00000F0FBF9DFF8C864306884422DD320E099
:10230000381D00F0FFFCB86A002803D017F1180050
:1023100000F0F8FC23480168FA6A914201D2F96A98
:102320000160391D204AFB6A1420434302EB03007D
:1023300000F0C1FCF86A18490968C96A884200D3EC
:102340000125804908680068002817D00868C0681F
:10235000C76878688442D3D230600F480068124959
:10236000C26A142042438858022800D30125DFF8AE
:102370007805006800280AD0012508E05FF0FF30EA
:102380003060EAE7DFF87C050168491C016028003D
:10239000F2BD0000B8630020A8630020C4630020E1
:1023A000D4630020C0630020343F002038B5334898
:1023B0000068002804D00120DFF82C15086045E0F3
:1023C0000020DFF824150860DFF840452068006B26
:1023D0005FF0A53102688A4208D142688A4205D17D
:1023E00082688A4202D1C068884205D0206810F114
:1023F0003401206801F013F8DFF81425106800E0BC
:10240000401E1423DFF8685503FB00F169580029CA
:1024100009D10028F4D1502080F31188BFF34F8FE9
:10242000BFF36F8FFEE703FB00F305EB03014B687F
:102430005B684B604B6811F10805AB4202D14B68F9
:102440005B684B604968C9682160106031BD10B598
:102450000C00002807D1502080F31188BFF34F8F64
:10246000BFF36F8FFEE7DFF80C150968183100F035
:102470002EFC0121200000F04DFA10BDE063002089
:1024800038B50D001400002807D1502080F31188C2
:10249000BFF34F8FBFF36F8FFEE7DFF8D8140968E3
:1024A000183100F008FC002C01D05FF0FF3521004E
:1024B000280000F02FFA31BDBC63002010B5C068C1
:1024C000C468002C07D1502080F31188BFF34F8FD0
:1024D000BFF36F8FFEE714F1180000F013FCDFF874
:1024E00098040068002815D1201D00F00BFCDFF8CF
:1024F00020040168E26A914201D2E16A0160211D73
:10250000DFF86C24E36A1420434302EB030000F07D
:10251000D2FB05E014F11801DFF8140200F0CBFB48
:10252000DFF8E8030068C06AE16A884205D201204A
:102530000121DFF8B423116000E0002010BD00008D
:1025400004ED00E0AC630020B0630020DFF8B813B6
:1025500009680160DFF8241409684160704738B5E4
:1025600004000D00002C07D1502080F31188BFF328
:102570004F8FBFF36F8FFEE7002D07D1502080F300
:102580001188BFF34F8FBFF36F8FFEE700F05EFC43
:10259000DFF8E80300686168411A2A6812F1010F48
:1025A00001D1002418E0DFF86023126823689A4202
:1025B00004D06268904201D301240DE02868814272
:1025C00007D22868411A29602000FFF7BFFF0024C6
:1025D00002E000202860012400F052FC200032BDFF
:1025E0000120DFF8041308607047000080B500F098
:1025F0003AF8DFF87C030068022807D35FF08050C8
:1026000028490860BFF34F8FBFF36F8F00F006FFBC
:10261000EDE738B5002408E0DFF85403142101FB8E
:1026200004F1084400F035FB641C382CF4D3DFF8C7
:102630005043200000F02DFBDFF84853280000F045
:1026400028FB3B4800F025FBDFF83C0300F021FBB2
:10265000DFF8380300F01DFBDFF834030460DFF817
:102660003403056031BD38B515E000F0EFFBDFF84D
:102670001803C068C468201D00F044FBDFF818038D
:102680000168491E01602868401E286000F0F8FBC0
:10269000200000F009F8DFF8045328680028E4D18E
:1026A00031BD000004ED00E010B5040094F85900BD
:1026B000002806D1206B00F00BFA200000F008FA89
:1026C00010BD94F85900012803D1200000F000FA51
:1026D000F6E794F859000228F2D0502080F31188D0
:1026E000BFF34F8FBFF36F8FFEE7DFF8A4120868C8
:1026F0000068002804D15FF0FF303149086005E030
:102700000868C068C06840682D4908607047DFF8F5
:1027100090020068002801D1012007E0DFF858028C
:102720000068002801D1022000E00020704700006E
:1027300080620020DC6300205CC20008F8B5040061
:102740000021002839D0DFF8C451E06A2A68D26A33
:1027500090422CD2A069002804D42868C06AD0F125
:102760003800A061DFF8086214276069E16A7943E4
:102770003144884216D1201D00F0C4FA2868C06A8E
:10278000E062DFF820020168E26A914201D2E16A68
:102790000160211DE06A07FB00F706EB070000F06F
:1027A0008AFA02E02868C06AE062012105E0E06C74
:1027B0002A68D26A904200D201210800F2BD0000CE
:1027C000D863002010B50400002100283DD0DFF8B8
:1027D0003C010068844207D0502080F31188BFF389
:1027E0004F8FBFF36F8FFEE7206D002807D1502079
:1027F00080F31188BFF34F8FBFF36F8FFEE7206D1B
:10280000401E2065E06AE26C90421ED0206D0028D8
:102810001BD1201D00F076FAE06CE062E06AD0F196
:102820003800A061DFF8E8000168E26A914201D255
:10283000E16A0160211DDFF83821E36A1420434377
:1028400002EB030000F037FA0121080010BD000080
:1028500070B504000122002844D0206D002807D163
:10286000502080F31188BFF34F8FBFF36F8FFEE7C7
:10287000E06C884200D3E16CE06A884232D0206D7F
:1028800090422FD1DFF884000068844207D15020A5
:1028900080F31188BFF34F8FBFF36F8FFEE7E06ABD
:1028A000E162A269002A02D4D1F13801A161DFF806
:1028B000C0501426616970432844814212D1201D02
:1028C00000F020FADFF8DC000168E26A914201D2F0
:1028D000E16A0160211DE06A06FB00F605EB0600D7
:1028E00000F0E9F970BD0000CC630020DFF884102F
:1028F0000868002803D00868026D521C0265086849
:1029000070470000C8630020D0630020A863002047
:10291000C0630020F8B505000C0018480668154F84
:102920003868001D00F0EEF915F1010F07D1002CF9
:1029300005D03868011D154800F0BDF916E0AD1945
:1029400038684560B54206D23868011D11480068F4
:1029500000F0BDF90AE03868011D0D48006800F07C
:10296000B6F9114801688D4200D20560F1BD000042
:10297000343F0020A8630020E0630020BC630020F7
:10298000586200206C62002094620020A86200203F
:10299000AC630020B0630020B8630020B463002063
:1029A000C4630020C0630020D86300202DE9F843F1
:1029B00004000025FFF7F4FBDFF84C92D9F8000083
:1029C000002801D100F0C1F8904F386804426AD164
:1029D000002C15D08E480068041914F0070F0FD092
:1029E00014F1080014F00704041B14F0070F07D0BB
:1029F000502080F31188BFF34F8FBFF36F8FFEE736
:102A0000002C50D0DFF80C82D8F80000A0424AD346
:102A100081480100066801E0310036687068A04214
:102A200002D230680028F7D1D9F8000086423AD0A7
:102A300077480A68036802EB030532680A60006899
:102A400040007168091B884214D206EB040111F0A2
:102A50000700002807D0502080F31188BFF34F8F64
:102A6000BFF36F8FFEE77068001B4860746008005A
:102A700000F09AF8D8F800107068091AC8F8001029
:102A80006648D8F800100268914202D2D8F80010C7
:102A900001607168386801437160002030606048EF
:102AA0000168491C0160FFF781FB002D01D100F096
:102AB000B7FC15F00700002807D0502080F31188DC
:102AC000BFF34F8FBFF36F8FFEE72800BDE8F2839F
:102AD00010B50100002837D04D480068404201EB96
:102AE00000044A4960680A68104207D1502080F308
:102AF0001188BFF34F8FBFF36F8FFEE72068002868
:102B000007D0502080F31188BFF34F8FBFF36F8F32
:102B1000FEE760680A68104216D02068002813D1CA
:102B20006268086882436260FFF73AFB39490A68C5
:102B3000606882180A60200000F036F839480168A1
:102B4000491C0160FFF732FB10BD10B44FF4705206
:102B50003548010011F0070F04D0C91DC908C9008C
:102B6000521A82182C4801600023436052182848EA
:102B70000068121AD208D2002348026000230468B9
:102B80006360002304682360521A4A60006808608A
:102B90004868224A106048681E4908605FF000409B
:102BA0001A49086010BC704710B41B4A00E0126854
:102BB00011688142FBD3110053681944814204D14A
:102BC0005168406841185160100001004368194481
:102BD0001368994210D10C4913680C68A34208D0BD
:102BE000436811684968CB1843601168096801603F
:102BF00004E00968016001E011680160824200D0D0
:102C0000106010BC704700007463002088630020CF
:102C100088C2000878630020286300207C630020BD
:102C200080630020846300203403002062F30F22BD
:102C300062F31F42401810F0030308D0C91A1FD3D3
:102C4000DB0748BF00F8012D28BF20F8022D130034
:102C500030B414461546103928BF20E93C00FAD894
:102C6000490728BF20E90C0048BF40F8042D89001F
:102C700028BF20F8022D48BF00F8012D30BC704756
:102C8000C91818BF00F8012DCB0728BF00F8012D87
:102C9000704710F1080141605FF0FF31816010F171
:102CA0000801C16010F10801016100210160704755
:102CB00000210161704742684A6093688B609368A5
:102CC0005960916008610168491C0160704710B447
:102CD0000B6813F1010F01D1026907E010F108023E
:102CE00000E0526854682468A342FAD253684B60EB
:102CF0004B6899608A60516008610168491C0160F5
:102D000010BC70470169826843689A6042688368B2
:102D10005A604A68824201D182684A600022026198
:102D20000868401E0860086870470000001F5FF0D8
:102D300080730360001F490849000160001F0FF203
:102D40001501016014380260001F7FF0020101606C
:102D5000203870477248006810F1010F07D05020EA
:102D600080F31188BFF34F8FBFF36F8FFEE75020C2
:102D700080F31188BFF34F8FBFF36F8FFEE7E0B58D
:102D800068480168684A914207D1502080F3118851
:102D9000BFF34F8FBFF36F8FFEE700686349884230
:102DA00007D1502080F31188BFF34F8FBFF36F8F8F
:102DB000FEE75F4801780191FF21017001788DF8ED
:102DC00000109DF8001011F050015A4A11705A4934
:102DD00007220A6007E00A68521E0A609DF8002078
:102DE00052008DF800209DF800201206F3D40A68E6
:102DF000D2F10702042A07D0502080F31188BFF3D4
:102E00004F8FBFF36F8FFEE70A6812020A600A68ED
:102E100012F4E0620A60019901704848016851F4B7
:102E200070010160016851F07041016000F090F89C
:102E300000203B49086000F03FFB4148016851F029
:102E40004041016000F028FB00200EBD502080F3BF
:102E50001188BFF34F8FBFF36F8F31490A68521C3F
:102E60000A60096801290AD136490968090606D0AD
:102E700080F31188BFF34F8FBFF36F8FFEE770476A
:102E800027490868002807D1502080F31188BFF334
:102E90004F8FBFF36F8FFEE70868401E0860086819
:102EA000002802D1002080F31188704780B550209F
:102EB00080F31188BFF34F8FBFF36F8FFFF7F4F9E3
:102EC000002803D05FF080501E490860002080F386
:102ED000118801BDEFF3058010280FD31A49096846
:102EE000085C14490978C0B2884207D2502080F3A8
:102EF0001188BFF34F8FBFF36F8FFEE70E48006856
:102F00001249096811F4E061884207D2502080F329
:102F10001188BFF34F8FBFF36F8FFEE7704700003C
:102F2000DC01002000ED00E071C20F4170C20F41D2
:102F300000E400E0036400209063002020ED00E046
:102F400034EF00E004ED00E08CC200080CED00E07E
:102F50000848002101600021074A116007490968FB
:102F60004FF47A72B1FBF2F1491E054A1160072154
:102F70000160704710E000E018E000E0E40100208C
:102F800014E000E0034B03600348086080201060F9
:102F9000704700BFF45C0020944F002038B586B025
:102FA000002400F0FCF9DFF84404006800281DD07C
:102FB000002004900020039005AA03A904A800F0B3
:102FC00089FADFF82C540498029003980190182095
:102FD00000900023059ADFF81C140FF2FD00FEF7A5
:102FE00043FF28602868002800D00124002C07D166
:102FF000502080F31188BFF34F8FBFF36F8FFEE730
:10300000200007B030BD7FB504001D000020002C5B
:1030100007D1502080F31188BFF34F8FBFF36F8F1C
:10302000FEE7DFF8C8633368002B1CD000910192E3
:103030000294062911DAFFF76AFB022806D1089AE2
:1030400000236946306800F063FB0CE00023002297
:103050006946306800F05CFB05E000232A00694601
:10306000306800F020FC04B070BD7CB504000D0099
:10307000DFF884030068C068C668301DFFF742FEB1
:1030800096F8280040071BD523002A00B1690919CA
:10309000300000F08DF8002818D0002000900023A8
:1030A000220000213000FFF7AEFF002807D150209A
:1030B00080F31188BFF34F8FBFF36F8FFEE705E0FA
:1030C00096F8280010F0FE0086F828003000316ADB
:1030D000884773BD0000000080B5684600F041F8E5
:1030E000009900F003F800F082F8F6E77CB50500DF
:1030F0000C00FFF755F8684600F046F80600009807
:1031000000282BD1002C08D1AE4206D3FFF74EF891
:1031100031002800FFF7A9FF22E0002C08D0DFF8DB
:10312000DC0200680068002801D1012400E00024CE
:103130002200AD1B2900DFF8B402006800F046FF52
:10314000FFF734F800280BD15FF08050DFF8B012A1
:103150000860BFF34F8FBFF36F8F01E0FFF726F8D2
:1031600073BDDFF8942211680968002901D101219B
:1031700000E0002101600068002803D11068C068E9
:10318000006800E00020704770B50400FFF780F889
:103190000500DFF870623068854204D200F0C5F89F
:1031A0000120206001E0002020603560280070BD13
:1031B00010B50024416000618A420BD3D21A8169A4
:1031C0008A4201D3012410E0011D8C480068FFF7FA
:1031D0007EFD0AE09A4203D2994201D3012404E021
:1031E000011D85480068FFF772FD200010BD10B575
:1031F00086B0FFE7002201A97C48006800F01FFCB0
:10320000002800F09080019800280ED502AA002A1C
:1032100007D1502080F31188BFF34F8FBFF36F8F1A
:10322000FEE7916850681268904701980028E1D441
:10323000039C6069002802D0201DFFF763FD05A8EC
:10324000FFF7A2FF0200019800280ED002280CD040
:103250000BD304283AD032D3062806D053D30828FB
:103260002DD002D3092831D05CE094F8280050F02A
:10327000010084F82800029B0299A06941182000EF
:10328000FFF796FF0028B5D02000216A884794F800
:1032900028004007AED5002000900023029AA069C4
:1032A000821800212000FFF7AEFE0028A2D1502096
:1032B00080F31188BFF34F8FBFF36F8FFEE794F851
:1032C000280010F0FE0084F8280093E794F8280006
:1032D00050F0010084F828000298A061A06900283D
:1032E00009D013001000A1698A1811000200200003
:1032F000FFF75EFF7EE7502080F31188BFF34F8F0A
:10330000BFF36F8FFEE794F82800800703D42000F6
:10331000FFF7DEFB05E094F8280010F0FE0084F8CB
:10332000280067E766E706B010BD7CB505E0706071
:103330003661311D2068FFF7CAFC2F4C20680068F9
:10334000002826D02068C06805682068C068C66864
:10335000301DFFF7D7FC3000316A884796F8280007
:103360004007EAD5B06940198542E0D300200090BB
:1033700000232A0000213000FFF745FE002800D07E
:10338000DBE7502080F31188BFF34F8FBFF36F8FBF
:10339000FEE7206819490A682260086073BD7CB5A1
:1033A000FFF754FD114C206800281BD1164D280052
:1033B000FFF76FFC154E3000FFF76BFC0E48056001
:1033C0000E48066000200090114B124A10210A207E
:1033D00000F0D5F820602068002803D00E4920684E
:1033E00000F0CCFDFFF74CFD73BD0000EC63002046
:1033F000F063002064C20008E4630020E86300205A
:1034000004ED00E0F4630020BC620020D0620020E4
:10341000A05E0020D85800206CC20008704770479A
:1034200070470000EFF30980BFF36F8F264B1A68D7
:103430001EF0100F08BF20ED108A20E9F04F106039
:1034400009B44FF0500080F31188BFF34F8FBFF3E2
:103450006F8FFEF7ABFF4FF0000080F3118809BCBF
:1034600019680868B0E8F04F1EF0100F08BFB0EC04
:10347000108A80F30988BFF36F8F7047124B196869
:103480000868B0E8F04F80F30988BFF36F8F4FF002
:10349000000080F3118870470C480068006880F3D2
:1034A00008884FF0000080F3148862B661B6BFF35D
:1034B0004F8FBFF36F8F00DFDFF81400016841F416
:1034C0007001016070470000A863002008ED00E073
:1034D00088ED00E0034B0360034808604FF4807000
:1034E00010607047505D00209443002038B5040000
:1034F0000D00002C07D1502080F31188BFF34F8FAF
:10350000BFF36F8FFEE7FFF7A1FC2168E26B206C31
:10351000424301EB0200A0600020A06320686060CD
:103520002168E26B521E206C424301EB0200E06016
:103530005FF0FF3084F8440084F84500002D12D17C
:103540002069002817D014F11000FEF7B7FF0028FB
:1035500011D05FF08050DFF8D8170860BFF34F8FAD
:10356000BFF36F8F07E014F11000FFF792FB14F127
:103570002400FFF78EFBFFF783FC012032BD38B536
:103580001C00002807D1502080F31188BFF34F8F13
:10359000BFF36F8FFEE7002C07D1502080F3118816
:1035A000BFF34F8FBFF36F8FFEE7002A01D00029D2
:1035B00001D0012300E00023DBB2002B07D1502013
:1035C00080F31188BFF34F8FBFF36F8FFEE7002AA0
:1035D00001D1002901D1012300E00023DBB2002B3F
:1035E00007D1502080F31188BFF34F8FBFF36F8F47
:1035F000FEE750230093009B502B07D0502080F310
:103600001188BFF34F8FBFF36F8FFEE7009B002C35
:1036100007D0049B012584F846500094DBB200F0EB
:1036200027F8200032BDF8B505000E001700002D68
:1036300007D1502080F31188BFF34F8FBFF36F8FF6
:10364000FEE706FB05F05030FFF7B0F90400002C50
:103650000CD0200010F15002002084F846000094A5
:103660003B00DBB23100280000F002F82000F2BD80
:1036700038B51C00049D002901D12D6000E02A60AE
:10368000E863296401212800FFF730FF85F84C40EA
:1036900031BD1CB50C001300002807D1502080F369
:1036A0001188BFF34F8FBFF36F8FFEE7A04207D2A1
:1036B000502080F31188BFF34F8FBFF36F8FFEE769
:1036C0000221009100220021FFF759FF002800D0BD
:1036D000846316BD10B50C00002807D1502080F37C
:1036E0001188BFF34F8FBFF36F8FFEE7A04207D261
:1036F000502080F31188BFF34F8FBFF36F8FFEE729
:1037000002220021FFF78FFF002800D0846310BD44
:10371000F7B505000E001F000024002D07D1502032
:1037200080F31188BFF34F8FBFF36F8FFEE7002E3A
:1037300002D1286C002801D1012000E00020C0B295
:10374000002807D1502080F31188BFF34F8FBFF3BB
:103750006F8FFEE7022F02D1E86B012801D1012013
:1037600000E00020C0B2002807D1502080F311886B
:10377000BFF34F8FBFF36F8FFEE7FEF7C8FF002840
:1037800002D10298002801D1012000E00020C0B23F
:10379000002838D1502080F31188BFF34F8FBFF33A
:1037A0006F8FFEE7029800285CD0002C03D168469A
:1037B000FEF7CCFE0124FFF763FBFEF7F1FCFFF7F9
:1037C00045FB95F9440010F1010F02D1002085F866
:1037D000440095F9450010F1010F02D1002085F851
:1037E0004500FFF74DFB02A96846FEF7B8FE00282A
:1037F00052D1280000F0B3FB002837D1280000F098
:1038000069FBFEF7D3FCFFF721FBA86BE96B88424D
:1038100001D3022FC6D13A003100280000F002FB8C
:10382000696A00290FD015F12400FEF747FE002831
:1038300014D05FF08050DFF8F8140860BFF34F8FAA
:10384000BFF36F8F0AE0002808D05FF08050DFF8E8
:10385000E0140860BFF34F8FBFF36F8FFFF710FBCB
:1038600001201FE0FFF70CFB00201BE0029915F17F
:103870001000FEF7ECFD280000F02CFBFEF796FC94
:103880000028C0D15FF08050DFF8A4140860BFF3B7
:103890004F8FBFF36F8FB6E7280000F01BFBFEF7DA
:1038A00085FC0020FEBD2DE9F84305000E00140044
:1038B0009846002D07D1502080F31188BFF34F8F19
:1038C000BFF36F8FFEE7002E02D1286C002801D1D4
:1038D000012000E00020C0B2002807D1502080F372
:1038E0001188BFF34F8FBFF36F8FFEE7B8F1020F60
:1038F00002D1E86B012801D1012000E00020C0B214
:10390000002807D1502080F31188BFF34F8FBFF3F9
:103910006F8FFEE7FFF7DEFAEFF31187502080F399
:103920001188BFF34F8FBFF36F8FA86BE96B88428D
:1039300002D3B8F1020F21D195F94590A86B424608
:103940003100280000F06EFA48465FF0FF3140B2C7
:1039500088420DD1686A002809D015F12400FEF7CD
:10396000ADFD002803D0002C01D00120206003E031
:1039700019F1010985F84590012000E0002087F346
:103980001188BDE8F28370B505000C00002D07D149
:10399000502080F31188BFF34F8FBFF36F8FFEE786
:1039A000286C002807D0502080F31188BFF34F8F78
:1039B000BFF36F8FFEE72868002802D1A8680028AF
:1039C00001D1012000E00020C0B2002807D1502022
:1039D00080F31188BFF34F8FBFF36F8FFEE7FFF7C0
:1039E00079FAEFF31186502080F31188BFF34F8FDF
:1039F000BFF36F8FA86BE96B88421CD295F9451015
:103A0000401CA86308005FF0FF3240B290420DD125
:103A1000686A00280DD015F12400FEF74FFD00283C
:103A200007D0002C05D00120206002E0491C85F859
:103A30004510012000E0002086F3118870BDF7B525
:103A400006000F000024002E07D1502080F31188BB
:103A5000BFF34F8FBFF36F8FFEE7002F02D1306CA3
:103A6000002801D1012000E00020C0B2002807D1C9
:103A7000502080F31188BFF34F8FBFF36F8FFEE7A5
:103A8000FEF745FE002802D10298002801D101204E
:103A900000E00020C0B200280CD1502080F3118833
:103AA000BFF34F8FBFF36F8FFEE7300000F012FAC5
:103AB000FEF77CFBFFF7CAF9B56B002D06D1029823
:103AC00000281FD1FFF7DCF9002064E03900300046
:103AD00000F0EBF96D1EB563306900280ED016F1C9
:103AE0001000FEF7EBFC002808D05FF08050DFF8F4
:103AF00040120860BFF34F8FBFF36F8FFFF7C0F91D
:103B0000012048E0002C03D16846FEF71FFD012488
:103B1000FFF7B6F9FEF744FBFFF798F996F9440072
:103B200010F1010F02D1002086F8440096F94500FB
:103B300010F1010F02D1002086F84500FFF7A0F92F
:103B400002A96846FEF70BFD002819D1300000F0ED
:103B5000F8F90028A9D0029916F12400FEF777FCA5
:103B6000300000F0B7F9FEF721FB0028A2D15FF08A
:103B700080506F490860BFF34F8FBFF36F8F99E795
:103B8000300000F0A7F9FEF711FB300000F0D9F982
:103B900000288FD00020FEBD73B582B0060000243F
:103BA0000025002E07D1502080F31188BFF34F8FDE
:103BB000BFF36F8FFEE7306C002807D0502080F3F2
:103BC0001188BFF34F8FBFF36F8FFEE7FEF79FFDA6
:103BD000002802D10398002801D1012000E0002034
:103BE000C0B200280CD1502080F31188BFF34F8F52
:103BF000BFF36F8FFEE7300000F06CF9FEF7D6FAE6
:103C0000FFF724F9B06B00280CD1039800282AD1C3
:103C1000002D24D0502080F31188BFF34F8FBFF3C5
:103C20006F8FFEE7401EB0633068002802D1FEF7B8
:103C30005DFEB060306900280DD016F11000FEF76F
:103C40003DFC002807D05FF0805039490860BFF381
:103C50004F8FBFF36F8FFFF713F9012065E0FFF778
:103C60000FF9002061E0002C03D16846FEF76EFCDE
:103C70000124FFF705F9FEF793FAFFF7E7F896F945
:103C8000440010F1010F02D1002086F8440096F99B
:103C9000450010F1010F02D1002086F84500FFF722
:103CA000EFF803A96846FEF75AFC002824D130003B
:103CB00000F047F900289ED03068002807D1FFF7B0
:103CC000C5F8B068FEF73AFD0500FFF7D9F803998B
:103CD00016F12400FEF7BBFB300000F0FBF8FEF706
:103CE00065FA00288CD15FF0805011490860BFF35D
:103CF0004F8FBFF36F8F83E7300000F0EBF8FEF7D4
:103D000055FA300000F01DF900283FF479AF002D7E
:103D10000AD0FFF79BF8300000F07AF80100B06895
:103D2000FEF796FDFFF7ACF8002004B070BD000070
:103D300004ED00E02DE9F84305000E001400002D0D
:103D400007D1502080F31188BFF34F8FBFF36F8FDF
:103D5000FEE7002E02D1286C002801D1012000E0EE
:103D60000020C0B2002807D1502080F31188BFF393
:103D70004F8FBFF36F8FFEE7FFF7ACF8EFF31188BB
:103D8000502080F31188BFF34F8FBFF36F8FAF6B5D
:103D9000002F21D095F944903100280000F085F8DB
:103DA0007F1EAF6348465FF0FF3140B288420DD1BD
:103DB000286900280ED015F11000FEF77FFB0028BF
:103DC00008D0002C06D00120206003E019F1010981
:103DD00085F84490012000E0002088F31188BDE8B8
:103DE000F28310B50400002C07D1502080F3118815
:103DF000BFF34F8FBFF36F8FFEE7200000F0D0F8C6
:103E000094F84600002802D12000FEF761FE10BDA4
:103E1000416A002904D0006B0068D0F1380000E04E
:103E2000002070472DE9F041060015000027B46B13
:103E3000306C002809D13068002831D1B068FEF715
:103E4000C1FC07000020B0602AE0002D0FD1326CC9
:103E500075682800FDF716FA7068316C08447060C8
:103E60007068B16888421BD33068706018E0326CAB
:103E7000D6F80C804046FDF705FAF068316C4942EF
:103E80000844F060F0683168884204D2B068316C50
:103E900049420844F060022D02D1002C00D0641E7B
:103EA000641CB4633800BDE8F08110B50C00016CEF
:103EB00000290ED0C168026C1144C160C1688268DB
:103EC000914201D30168C160026CC1682000FDF716
:103ED000D9F910BD70B50400FEF7B8FF94F945504C
:103EE00008E014F12400FEF7E9FA002801D0FEF7FB
:103EF00077FB6D1E280040B2012802DB606A0028B3
:103F0000EFD15FF0FF3584F84550FEF7B9FFFEF7BB
:103F10009DFF94F9446008E014F11000FEF7CEFA1A
:103F2000002801D0FEF75CFB761E300040B201286D
:103F300002DB20690028EFD184F84450FEF7A0FF8F
:103F400070BD10B50400FEF781FFA06B002801D101
:103F5000012400E00024FEF793FF200010BD10B5FF
:103F60000400FEF773FFA06BE16B884201D10124CE
:103F700000E00024FEF784FF200010BD10B40023F1
:103F800000E05B1C082B09D20F4C54F83320002AA8
:103F9000F7D144F8331004EBC301486010BC7047FC
:103FA000002100E0491C08290CD2074A02EBC1039A
:103FB0005B688342F6D1002042F83100002002EB1A
:103FC000C1014860704700004061002070B50400E6
:103FD0000D001600FEF73AFF94F9440010F1010FAE
:103FE00002D1002084F8440094F9450010F1010F3B
:103FF00002D1002084F84500FEF742FFA06B0028A4
:1040000005D13200290014F12400FEF739FA20000E
:10401000FFF760FF70BD000010B50400002C01D157
:10402000012033E0A0690028FFD194F83D0000286A
:1040300005D1002084F83C00200000F085FD2420FC
:1040400084F83D002068C06830F400502168C860E2
:10405000200000F0FFFB2068006930F490402168E8
:1040600008612068406930F02A00216848612068B2
:10407000C06850F400502168C860002020642020EF
:1040800084F83D00202084F83E00002010BD2DE97A
:10409000FC4106000D0014001F00002096F83D00B2
:1040A000202857D1002D03D0200080B2002801D154
:1040B000012050E096F83C00012801D102204AE09E
:1040C000012086F83C0000203064212086F83D0065
:1040D00001F0AAF88046B484F484B068B0F5805F3B
:1040E00004D13069002801D1002401E02C00002512
:1040F000002086F83C000FE0207831684860641C9E
:1041000007E0002CF8D12888C005C00D3168486050
:10411000AD1CF08C401EF084F08C00280AD0009773
:10412000434600228021300000F02EFA0028E8D01B
:10413000032010E00097434600224021300000F0A9
:1041400023FA002801D0032005E0202086F83D0056
:10415000002000E00220BDE8F68180B590F83E30F6
:10416000202B16D1002903D013009BB2002B01D1C4
:1041700001200FE090F83C30012B01D1022009E032
:10418000012380F83C300023036392B200F041FA2F
:1041900000E0022002BD13B50400130094F83D00B6
:1041A000202844D10198002803D0180080B20028AC
:1041B00001D101203CE094F83C00012801D102200B
:1041C00036E0012084F83C0001982062A384E38457
:1041D00000202064212084F83D001648616BC863EC
:1041E0001548616B08641548616BC8640020616BF9
:1041F000086501A89BB221680A1D0168606B01F087
:1042000089F87FF0400021680860002084F83C00B5
:104210002068143050E8001F51F08001206810F130
:10422000140242E800100028F2D1002000E0022031
:1042300016BD0000DB44000829450008334500088E
:1042400038B50400206801682068C26820684369A6
:104250000020002011F00F00002807D18D0605D5A1
:10426000950603D5200000F080FA33E1002879D0CC
:10427000D80702D412F4907F74D011F00100C0B2BC
:10428000002805D0D00503D5206C50F00100206433
:10429000480708D513F00100C0B2002803D0206CF5
:1042A00050F002002064880708D513F00100C0B266
:1042B000002803D0206C50F00400206408070AD5C1
:1042C000900604D413F00103DBB2002B03D0206C62
:1042D00050F008002064206C002842D0880604D5E5
:1042E000900602D5200000F040FA2068406980095D
:1042F00010F00100216C090701D400282CD0200007
:1043000000F0BAF920684069400621D520681430D1
:1043100050E8001F31F04001206810F1140242E81B
:1043200000100028F2D1A06B00280DD00FF2A930A8
:10433000A16B0865A06B01F075F8002811D0A06B87
:10434000A16B096D88470CE0200000F032FF08E007
:10435000200000F02EFF04E0200000F02AFF0020E3
:104360002064B7E0206B012840F0A480C80640F12B
:10437000A180D00640F19E80002000902068006857
:1043800000902068406800900098206840694006CE
:1043900055D5A06B00684168080080B200284DD058
:1043A0000800A28D80B2904248D2E185A06BC0691E
:1043B000B0F5807F3BD020680C3050E8001F31F40E
:1043C0008071206810F10C0242E800100028F2D140
:1043D0002068143050E8001F49084900206810F197
:1043E000140242E800100028F2D12068143050E88E
:1043F000001F31F04001206810F1140242E8001063
:104400000028F2D1202084F83E000020206320689C
:104410000C3050E8001F31F01001206810F10C0240
:1044200042E800100028F2D1A06B00F0ADFFA18D92
:10443000E08D091A89B2200001F088F94AE0A08DC8
:10444000E18D411AE08D002833D0080080B20028A9
:104450002FD020680C3050E8002F32F49072206882
:1044600010F10C0343E800200028F2D1206814303A
:1044700050E8002F52085200206810F1140343E85E
:1044800000200028F2D1202084F83E000020206384
:1044900020680C3050E8002F32F01002206810F134
:1044A0000C0343E800200028F2D189B2200001F07B
:1044B0004DF90FE0080605D5100603D5200000F0E1
:1044C00015F907E0480605D5500603D5200000F091
:1044D0003EF9FFE731BD006C704780B50100886B85
:1044E00009680968C9051CD40021C1840168143118
:1044F00051E8002F32F08002016811F1140343E803
:1045000000210029F2D101680C3151E8002F52F04E
:104510004002016811F10C0343E800210029F2D1A7
:1045200001E000F0D0FD01BD80B5806B01F00FF916
:1045300001BD10B50021846B20684069C00910F0EE
:10454000010094F83D10212906D1002804D0002054
:10455000E084200000F07FF820684069800910F0B6
:10456000010094F83E10222906D1002804D0002032
:10457000E085200000F080F8206C50F010002064EE
:10458000200000F016FE10BD2DE9F04105000E00E0
:1045900090461F00069C286800683040B04201D158
:1045A000012000E000204146C9B288422ED114F11A
:1045B000010FF0D0002C04D000F036FEC01B844266
:1045C000E9D228680C3050E8001F31F4D071286817
:1045D00010F10C0242E800100028F2D128681430D3
:1045E00050E8001F49084900286810F1140242E809
:1045F00000100028F2D1202085F83D00202085F809
:104600003E00002085F83C00032000E00020BDE8CB
:10461000F08181628285C28500210164222180F8B7
:104620003E10002180F83C100169002905D0016886
:10463000C96851F480710268D1600168496951F01C
:104640000101026851610168C96851F020010068E8
:10465000C1600020704701680C3151E8002F32F032
:10466000C002016811F10C0343E800210029F2D1D6
:10467000202180F83D10704701680C3151E8002F6F
:1046800032F49072016811F10C0343E80021002913
:10469000F2D10168143151E8002F5208520001682C
:1046A00011F1140343E800210029F2D1016B012923
:1046B0000CD101680C3151E8002F32F01002016872
:1046C00011F10C0343E800210029F2D1202180F8E8
:1046D0003E1000210163704780B5806B0021C185C9
:1046E0000021C18400F065FD01BD000090F83D107F
:1046F00021292AD18168B1F5805F0CD10169002997
:1047000009D1016A0988C905C90D02685160016AA9
:10471000891C016205E0016A4A1C0262097802688C
:104720005160C18C491EC18489B200290BD1016836
:10473000C96831F080010268D1600168C96851F030
:1047400040010068C160002000E00220704780B591
:104750000168C96831F040010268D160202180F809
:104760003D1000F0B0FC002002BD80B590F83E1076
:1047700022296DD18168B1F5805F0DD101690029D1
:104780000AD10021816A02685268D205D20D0A80DE
:10479000816A891C816217E0826A00218168B1F513
:1047A000805F05D08168002906D10169002903D105
:1047B00001684968117004E00168496811F07F01DF
:1047C0001170816A491C8162C18D491EC18589B2FF
:1047D00000293BD10168C96831F020010268D1602D
:1047E0000168C96831F480710268D1600168496963
:1047F0004908490002685161202180F83E10016B90
:1048000001291FD10021016301680C3151E8002FFB
:1048100032F01002016811F10C0343E80021002975
:10482000F2D101680968C90608D500210091016824
:10483000096800910168496800910099818D00F034
:1048400085FF01E000F05BFC002002E0002000E0BA
:10485000022002BD2DE9FE4F05002868016931F4F0
:104860004051E868014328680161A968286901434B
:1048700068690143E86901432868C268AF4802409B
:1048800011432868C1602868416931F44071A86902
:104890000143286841612868A949884203D02868F3
:1048A000A849884203D100F0FEFF040002E000F0B6
:1048B000EFFF0400E869B0F5004F40F09F805FF023
:1048C000640A022600275FF019085FF00009220041
:1048D0000023A8FB020108FB031109FB0211CDE92B
:1048E000000168680021A6FB002306FB013307FBDB
:1048F0000033DDE90001FDF7DDF86421B0FBF1F0E4
:10490000029022000023A8FB020108FB031109FB0F
:104910000211CDE9000168680021A6FB002306FB17
:10492000013307FB0033DDE90001FDF7C3F88346DF
:1049300022000023A8FB020108FB031109FB02115E
:10494000CDE9000168680021A6FB002306FB0133C6
:1049500007FB0033DDE90001FDF7ACF86421B0FB93
:10496000F1F00AFB10B0C00032306421B0FBF1F06E
:10497000400010F4F870029910EB01100290220030
:104980000023A8FB020108FB031109FB0211CDE97A
:10499000000168680021A6FB002306FB013307FB2A
:1049A0000033DDE90001FDF785F883462000002192
:1049B00002000B00A8FB020108FB031109FB021116
:1049C0006A68002390469946A6FB082306FB093334
:1049D00007FB0833FDF76EF86421B0FBF1F00AFB2A
:1049E00010BA5FEACA0032306421B0FBF1F111F075
:1049F000070102980918286881609CE004260027B6
:104A00005FF0640A5FF019085FF0000922000023DC
:104A1000A8FB020108FB031109FB0211CDE900010B
:104A200068680021A6FB002306FB013307FB003367
:104A3000DDE90001FDF73EF86421B0FBF1F00290E2
:104A400022000023A8FB020108FB031109FB02114D
:104A5000CDE9000168680021A6FB002306FB0133B5
:104A600007FB0033DDE90001FDF724F8834622004F
:104A70000023A8FB020108FB031109FB0211CDE989
:104A8000000168680021A6FB002306FB013307FB39
:104A90000033DDE90001FDF70DF86421B0FBF1F012
:104AA0000AFB10B0000132306421B0FBF1F010F0CD
:104AB000F000029910EB0110029022000023A8FBE5
:104AC000020108FB031109FB0211CDE9000168682E
:104AD0000021A6FB002306FB013307FB0033DDE9C1
:104AE0000001FCF7E7FF83462000002102000B00D5
:104AF000A8FB020108FB031109FB02116A680023ED
:104B000090469946A6FB082306FB093307FB0833AA
:104B1000FCF7D0FF6421B0FBF1F00AFB10BA5FEAAA
:104B20000A1032306421B0FBF1F111F00F0102984C
:104B3000091828688160BDE8F78F0000F369FFFF5E
:104B4000001001400014014010B586B0040014228A
:104B50000021684600F01AFF2068DFF870168842CE
:104B60002AD100200590DFF86806016851F0100195
:104B70000160006810F01000059005980020059075
:104B8000DFF85006016851F001010160006810F083
:104B90000100059005984FF4C0600090022001903C
:104BA0000020029003200390072004906946DFF85C
:104BB000280600F0F5FE5DE02068DFF82016884248
:104BC0002AD100200590DFF81806016851F48021F1
:104BD0000160006810F48020059005980020059081
:104BE000DFF8F005016851F002010160006810F083
:104BF0000200059005984FF440600090022001905B
:104C00000020029003200390072004906946DFF8FB
:104C1000D40500F0C5FE2DE02068DFF8CC158842F1
:104C200028D100200590DFF8A805016851F0200187
:104C30000160006810F020000590059800200590A4
:104C4000DFF89005016851F004010160006810F080
:104C5000040005900598C0200090022001900020DB
:104C6000029003200390082004906946DFF87C0539
:104C700000F096FE06B010BD10B5DFF87445DFF801
:104C80004C0520605FF4E13060600020A0600020EF
:104C9000E060002020610C2060610020A061002005
:104CA000E0612000FFF7B8F92068406950F001008A
:104CB0002168486110BD80B5DFF83805DFF81C15A4
:104CC00001605FF4E1314160002181600021C16039
:104CD000002101610C214161002181610021C1613C
:104CE000FFF79AF901BD80B5DFF80C05DFF8F8147D
:104CF00001605FF4E1314160002181600021C16009
:104D0000002101610C214161002181610021C1610B
:104D1000FFF782F901BD38B500200090DFF8B40438
:104D2000016851F480010160006810F48000009077
:104D30000098DFF8C844DFF8C80420605FF0006026
:104D400060604020A0600020E0604FF4806020613F
:104D5000002060610020A0610020E061002020624E
:104D600000206062200000F065FADFF884546C6374
:104D7000A56300220521462000F092FF462000F0A6
:104D8000A0FF01220621252000F08AFF252000F047
:104D900098FF0122DFF86C142800FFF7DEF931BD1F
:104DA0001CB500200090DFF82C04016851F40011BC
:104DB0000160006810F4001000900098DFF848448B
:104DC000DFF8480420605FF0006060604020A06071
:104DD0000020E0604FF480602061002060610020CE
:104DE000A0610020E06100202062002060622000BD
:104DF00000F020FADFF8FC034463A06300220521E1
:104E00000E2000F04DFF0E2000F05BFF0122052177
:104E1000272000F045FF272000F053FF13BD1CB5ED
:104E200000200090DFF8AC03016851F480010160BC
:104E3000006810F4800000900098DFF8D443DFF899
:104E4000D40320605FF0206060604020A0600020FC
:104E5000E0604FF480602061002060610020A0616C
:104E60000020E0610020206200206062200000F04D
:104E7000E1F9DFF884034463A063002205214520A3
:104E800000F00EFF452000F01CFF01220521472005
:104E900000F006FF472000F014FF13BD70B50400BA
:104EA0008C25DFF87463002005FB04F13144888011
:104EB000002005FB04F131444880002200218020BD
:104EC00001F034F86C4306EB0401C1F8880070BDB2
:104ED000F8B504001C25DFF8446305FB04F03044FA
:104EE000007E012803D16C4306EB0400A8E0002CEF
:104EF00003D0022C69D034D39AE005FB04F030448F
:104F00008460DFF81C7307EBC40005FB04F1314437
:104F1000486105FB04F03044C06800280AD1002233
:104F20000121012001F002F8002803D005FB04F163
:104F30003144C86007EBC4004068002809D1002252
:104F40000021012000F0F2FF002802D007EBC4018D
:104F500048602000FFF7A2FFFFF78EFEFFF7DBFEA1
:104F600066E005FB04F030448460DFF8B47207EBC0
:104F7000C40005FB04F13144486105FB04F03044F2
:104F8000C06800280AD100220121012000F0CEFFD4
:104F9000002803D005FB04F13144C86007EBC400CE
:104FA0004068002809D100220021012000F0BEFF46
:104FB000002802D007EBC40148602000FFF76EFF15
:104FC000FFF779FEFFF7ECFE32E005FB04F030441A
:104FD0008460DFF84C7207EBC40005FB04F1314438
:104FE000486105FB04F03044C06800280AD1002263
:104FF0000121012000F09AFF002803D005FB04F1F5
:105000003144C86007EBC4004068002809D1002281
:105010000021012000F08AFF002802D007EBC40124
:1050200048602000FFF73AFFFFF75DFEFFF7F7FE4D
:10503000012005FB04F1314408766C4306EB0400C3
:10504000F2BDF8B504000E0017006569002C02D00F
:10505000207E002800D126E0E068002804D05FF020
:10506000FF31E06800F0C3FF3A0092B231002868D7
:10507000FFF791F80100C9B2002908D1686800283B
:105080000BD05FF0FF31686800F0B1FF05E0C0B2FF
:105090000100DFF8900101F0D5F8E068002802D0A7
:1050A000E06800F0DAFFF1BD80B55148FFF7C8F8BD
:1050B00001BD80B54F48FFF7C3F801BD80B54E482C
:1050C000FFF7BEF801BD80B50168404A914204D1A6
:1050D0005348406800F0C1FF10E001683F4A914228
:1050E00004D14F48C06800F0B8FF07E000683E49AF
:1050F000884203D14A48406900F0AFFF01BD38B58E
:105100000400002020683149884215D1424D68884A
:1051100080B2401C802190FBF1F201FB12006880FC
:10512000D5F8880000F099FF6888012280B22844F1
:10513000811D2F48FFF711F820682849884219D1AE
:10514000354DB5F88E0080B2401C802190FBF1F205
:1051500001FB1200A5F88E00D5F8880000F07DFF55
:10516000B5F88E00012280B2284410F19201214846
:10517000FEF7F3FF20681C49884219D1264CB4F889
:105180001A0180B2401C802190FBF1F201FB120059
:10519000A4F81A01D4F8A00100F05FFFB4F81A01D6
:1051A000012280B2204410F58F711348FEF7D5FF1D
:1051B00031BD80B501680968016849680168034A22
:1051C000914201D1FFF787F901BD000000100140B5
:1051D000443802403038024000000240004800409D
:1051E0004038024000040240001401400008024020
:1051F000F80000203C01002080010020D45B00204A
:10520000B86402408A550020345C00205860024097
:10521000945C0020A064024084550020AC5D002016
:10522000C40100209CC0000801480068704700BF0E
:105230009C63002038B504000020FFF7F5FF05004F
:10524000002C01D1012064E0606A0028022084F86B
:105250003500002084F834002068006840084000D1
:105260002168086020680068C0070BD5FFF7DCFFE5
:10527000401B0628F6D320206065032084F8350003
:10528000032046E020680168DFF82C0401406268D2
:10529000A0680243E0680243206902436069024358
:1052A000A0690243E0690243206A02431143606A35
:1052B000042803D1E26A206B024311432068016095
:1052C00020684569ED08ED00606A0543606A0428BE
:1052D00010D1A06A0543E06A00280BD0200000F03E
:1052E000F1F9002806D040206065012084F83500DF
:1052F00001200EE020684561200000F0C4F93F2243
:10530000E16D8A40826000206065012084F83500EC
:10531000002032BD70B504000025A66D94F834005D
:10532000012801D102202EE0012084F8340094F8F5
:105330003500012821D1022084F835000020606565
:10534000200000F089F93F21E06D8140B1602068C4
:10535000006850F0160021680860206C002805D015
:105360002068006850F00800216808602068006824
:1053700050F001002168086003E0002084F8340048
:1053800002252800C0B270BD70B50400A56DFFF7FE
:105390004BFF060094F83500022806D08020606597
:1053A000002084F8340001203BE02068006830F0E1
:1053B0001600216808602068406930F0800021688C
:1053C0004861206C002802D1A06C002805D020681C
:1053D000006830F008002168086020680068400814
:1053E00040002168086020680068C0070ED5FFF7FC
:1053F0001BFF801B0628F6D320206065032084F85D
:105400003500002084F8340003200AE03F21E06DDD
:105410008140A960012084F83500002084F8340020
:10542000002070BD90F83510022903D0802141651D
:10543000012009E0052180F8351001680968490854
:1054400049000068016000207047F8B504000020A2
:105450000090DFF8680200684FF41651B0FBF1F5D8
:10546000A66D37680821E06D11FA00F0074210D0F0
:105470002068006840070CD52068006830F0040000
:1054800022681060E06D8140B160606D50F00100F5
:105490006065E06D3900C140C8070BD520684069E0
:1054A000000607D50121E06D8140B160606D50F0CC
:1054B000020060650421E06D11FA00F007420AD095
:1054C00020680068800706D5E06D8140B160606D9E
:1054D00050F0040060651021E06D11FA00F0074201
:1054E0002CD020680068000728D5E06D8140B160AD
:1054F00020680068400311D520680068000306D4C6
:10550000206C00281AD02000216C884716E0A06C7F
:10551000002813D02000A16C88470FE020680068A5
:10552000C00505D42068006830F0080021680860D4
:10553000206C002802D02000216C88472021E06DDB
:1055400011FA00F007425FD020680068C0065BD502
:10555000E06D8140B16094F83500052828D12068BD
:10556000006830F01600216808602068406930F05B
:10557000800021684861206C002802D1A06C0028BE
:1055800005D02068006830F00800216808603F21DD
:10559000E06D8140B160012084F83500002084F87E
:1055A0003400206D002802D02000216D884750E093
:1055B00020680068400311D520680068000306D405
:1055C000606C002820D02000616C88471CE0E06BF4
:1055D000002819D02000E16B884715E0206800689A
:1055E000C0050BD42068006830F010002168086006
:1055F000012084F83500002084F83400E06B002896
:1056000002D02000E16B8847606D002821D0606DDA
:10561000C00718D5052084F83500206800684008C8
:105620004000216808600098401C0090854204D327
:1056300020680068C007F6D4FFE7012084F8350031
:10564000002084F83400E06C002802D02000E16CD7
:105650008847F1BD406D704730B40468246834F465
:10566000802405682C60046863608368402B04D143
:1056700003689A600068C16003E00368996000688D
:10568000C26030BC7047017801F0FF011039182268
:10569000B1FBF2F10A4A525CC265042905D30168E4
:1056A000890A8902091D816503E00168890A890266
:1056B0008165806D704700003F8010F0E40100209C
:1056C00044C2000802000020936A9169002914D1A5
:1056D000002B05D0022B03D007D3032B0BD00BE0FC
:1056E000D16AC90100D501202EE0D16AB1F1C07F95
:1056F00000D1012028E027E026E09169B1F5005FA4
:1057000015D1002B05D0022B03D004D3032B07D0D7
:105710000CE0012018E0D16AC90100D5012013E096
:10572000D16AB1F1C07F00D101200DE00CE0002B67
:10573000022B02D9DB1E02D006E0012004E0D16A70
:10574000C90100D50120FFE7C0B27047704770471C
:105750002DE9F04104000E00002C01D1012092E05F
:10576000634D286810F00700B04207D22E702868F9
:1057700010F00700B04201D0012084E020788007BB
:1057800016D52078400704D55A48016851F4E051F5
:1057900001602078000704D55648016851F4604143
:1057A000016054490A6832F0F002A06802430A60BE
:1057B0002078C00735D56068012805D14E480068BB
:1057C000800313D401205EE06068022802D0606884
:1057D000032805D148480068800107D4012052E021
:1057E00045480068800701D401204CE0414F3968EA
:1057F00089088900606801433960FFF715FD80461C
:10580000386810F00C006168B0EB810F09D0FFF729
:105810000BFDB0EB080041F289318842F0D3032040
:1058200031E0286810F00700864207D22E70286801
:1058300010F00700B04201D0012024E0207840079A
:1058400006D52C490A6832F4E052E06802430A6047
:105850002078000707D52748016831F460412269A4
:1058600051EAC201016000F051F82449214A12684E
:10587000C2F30312895CC8402149086021480068CE
:1058800000F0F4FC0020BDE8F0811D48006870477E
:1058900080B5FFF7FAFF1C49164A1268C2F382224C
:1058A000895CC84002BD80B5FFF7EFFF1649114A79
:1058B0001268C2F34232895CC84002BD0F22026006
:1058C0000C4A136813F003034360136813F0F003EA
:1058D0008360136813F4E053C3601268D20812F4B3
:1058E000E05202610248006810F00700086070474B
:1058F000003C0240083802400038024038C100082D
:10590000E4010020E00100204CC2000810B5002096
:105910000020002000201948006810F00C0000282A
:1059200004D0042804D0082804D025E0144824E03A
:10593000144822E0144C226812F03F022068400212
:1059400009D52068C0F388100E49A1FB000100238F
:10595000FCF7B0F808E02068C0F388100849A1FB04
:1059600000010023FCF7A6F82168C1F30141491C9E
:105970004900B0FBF1F000E0014810BD08380240DA
:105980000024F40040787D010438024010B504463C
:1059900010460A4601462046FDF748F9204610BD4C
:1059A000F8B4002200220022002337E0082704E098
:1059B000DFF804229042F9D10727FFB213F0030267
:1059C000D2B2920097403E431A00920845F82260F6
:1059D000DFF8E8512A68A2434E68F60200D5224358
:1059E0002A60DFF8DC512A68A2434E68B60200D56F
:1059F00022432A60DFF8CC512A68A2434E68B603DE
:105A000000D522432A60DFF8C0512A68A2434E68BD
:105A1000F60301D5144322002A605B1C102B80F092
:105A2000A880012515FA03F20C6814409442F4D1C1
:105A30000A7912F00302012A04D00A7912F0030253
:105A4000022A16D1866803271A00D2B25200974064
:105A5000BE43CF681A00D2B2520097403E438660E0
:105A600042689D40AA434D68C5F300159D402A43F6
:105A700042600A7912F00302032A0DD0C56803269A
:105A80001A00D2B252009640B5438E681A00D2B2C4
:105A9000520096403543C5600A7912F00302022A8B
:105AA00017D11A00D20800EB8202156A0F2613F0F4
:105AB0000702D2B292009640B5430E6913F0070276
:105AC000D2B29200964035431A00D20800EB82020F
:105AD0001562056803261A00D2B252009640B543FB
:105AE0000E7916F003061A00D2B2520096403543E2
:105AF00005604A6812F4403F8FD000220092334A7A
:105B0000156855F480451560126812F480420092C1
:105B1000009A2F4D1A00920855F822600F2713F0B3
:105B20000302D2B292009740BE432A4A904201D16A
:105B3000002742E7284A904201D101273DE7274A42
:105B4000904201D1022738E7254A904201D103272C
:105B500033E7244A904201D104272EE7224A90429B
:105B600001D1052729E7214A90427FF421AF06277A
:105B700023E7F1BC7047006989B2084201D00120D7
:105B800000E00020C0B27047D2B2002A02D089B231
:105B9000816102E089B209048161704780B51449CE
:105BA0000A6803009BB21A4205D0020092B20A6052
:105BB00080B200F01FF801BD001C0240083C01400B
:105BC0000C3C0140043C0140003C01404438024090
:105BD0000838014000000240000402400008024072
:105BE000000C024000100240001402400018024065
:105BF000143C01407047000010F00700334B1A6856
:105C00004FF6FF010A40324951EA00210A431A6067
:105C100070472E480068C0F302207047010049B267
:105C2000002908D4012210F01F018A40294940B2FE
:105C3000400941F820207047020052B2002A04D4E3
:105C40000901254A40B2115407E00901234A40B234
:105C500010F00F00104400F8041C704710B410F04E
:105C60000700D0F10703052B01D3042301E0D0F195
:105C70000703041D072C01D2002000E0C01E0124F0
:105C800014FA03F35B1E1940814014FA00F0401E21
:105C90001040084310BC704780B5FFF7ADFF01BD51
:105CA00070B504000D0016000020FFF7B2FF3200AF
:105CB0002900FFF7D3FF0100200040B2FFF7BCFF2F
:105CC00070BD80B540B2FFF7A9FF01BD0CED00E04B
:105CD0000000FA0500E100E000E400E018ED00E05B
:105CE000020052B2002A05D40901DFF8282240B28E
:105CF000115408E00901DFF8202240B210F00F0033
:105D0000104400F8041C704780B5DFF810020068EA
:105D1000FCF7FDFC012801D0FDF7C8F801BD80B5F6
:105D200000217FF00400FFF7DBFF01BDEFF30580EA
:105D3000002802D07FF005000AE0DFF8E4110868CF
:105D4000002803D101200860002001E05FF0FF304F
:105D5000704780B5FCF7DBFC002803D0022803D194
:105D6000022009E0032007E0DFF8B4010068012801
:105D700001D1012000E0002002BD10B5EFF3058045
:105D8000002802D07FF005000EE0DFF89441206883
:105D9000012807D1FFF7C3FF02202060FCF7B5F907
:105DA000002001E05FF0FF3010BD80B5EFF305800B
:105DB000002802D0FCF770FA01E0FCF769FA02BD96
:105DC000DFF860010068DFF860110968401A704769
:105DD000DFF848010068C0F300407047DFF8440175
:105DE0000068401C704770B5EFF31080002803D1A5
:105DF000EFF31180002801D0012400E00024E4B278
:105E000072B6FCF745FA0500FFF7DAFF0600FFF768
:105E1000DFFF002803D0FFF7D3FF06006D1CFFF75C
:105E2000DDFF00FB0565002C00D162B6280070BDC7
:105E3000F8B584B000230393EFF30583002B56D10C
:105E40000300002B53D08025182300245FF0FF3679
:105E5000002A2ED01768002F00D014689769002FF1
:105E600000D09369002B04D0392B02D21779FF0799
:105E700001D500203CE05769002F01D05569AD08DD
:105E80009768002F0AD0D7685C2F07D31769002FB7
:105E900004D05769002F01D001260BE09768002F2E
:105EA00008D1D768002F05D11769002F02D100262D
:105EB00000E00026012E0BD196680296126901922D
:105EC00000930B002A002100FBF7CEFF03900EE0A9
:105ED000002E0CD103AA019200930B002A0092B26B
:105EE0002100FCF703F8012801D00020039003985B
:105EF00005B0F0BD10B5EFF30581002902D07FF0A9
:105F0000050404E00024002801D0FCF7D8F82000A4
:105F100010BD000000E400E018ED00E010E000E03B
:105F20003C63002014E000E018E000E07CB50E00C7
:105F300015000024EFF30581002956D1002854D024
:105F4000B04252D35FF0FF32002D0FD0A968002974
:105F500004D0E968502901D3012208E0A96800298A
:105F600005D1E968002902D1002200E0002212F1E7
:105F7000010F3AD0012822D1012A09D10320009033
:105F8000AB68002200210120FDF7F9FA040005E0CA
:105F9000032200210120FDF746FB0400002C1AD04B
:105FA000002E18D00023002200212000FDF7B0FBB6
:105FB000012810D02000FDF714FF00240BE0012A77
:105FC00005D1AA683100FDF764FB040003E031004D
:105FD000FDF780FB0400002C07D0002D01D02968BC
:105FE00000E000212000FDF7C9FF200076BD38B594
:105FF0000C000025002802D17FF003052BE0EFF311
:10600000058100291BD0002C02D07FF0030522E07F
:10601000002100916A460021FDF78CFE012802D084
:106020007FF0020517E00098002814D05FF0805040
:1060300064490860BFF34F8FBFF36F8F0BE02100FF
:10604000FDF7AAFD012806D0002C02D07FF0010543
:1060500001E07FF00205280032BD1CB500240028B5
:1060600002D17FF0030422E0EFF30581002915D06F
:10607000002100916946FDF786FC012802D07FF0DF
:10608000020414E00098002811D05FF080504D49C0
:106090000860BFF34F8FBFF36F8F08E0002300222B
:1060A0000021FDF735FB012801D07FF0020420001C
:1060B00016BD7CB514000025EFF30582002A40D1FF
:1060C00000283ED000293CD05FF0FF33002C1DD0CB
:1060D000A268002A0CD0E268502A09D32269002A5B
:1060E00006D0626901FB00F6B24201D301230EE043
:1060F000A268002A0BD1E268002A08D12269002A8E
:1061000005D16269002A02D1002300E00023012B9F
:1061100007D100220092A3682269FDF730FA05003A
:1061200005E0002B03D10022FDF77DFA0500002DCC
:1061300007D0002C01D0216800E000212800FDF7E5
:106140001DFF280076BD38B51C000025EFF3058241
:10615000002A1FD0002803D0002901D0002C02D033
:106160007FF003052AE00022009200236A46FDF733
:106170009AFB012802D07FF002051FE0009800285A
:106180001CD05FF080500F490860BFF34F8FBFF302
:106190006F8F13E0002801D0002902D17FF00305A2
:1061A0000CE000232200FDF7B3FA012806D0002CF2
:1061B00002D07FF0010501E07FF00205280032BD2A
:1061C0000000000004ED00E038B51C000025EFF3EE
:1061D0000582002A1FD0002803D0002901D0002CFE
:1061E00002D07FF0030529E0002200926A46FDF705
:1061F000A1FD012802D07FF002051FE000980028D1
:106200001CD05FF08050DFF838100860BFF34F8F6C
:10621000BFF36F8F12E0002801D0002902D17FF078
:1062200003050BE02200FDF70AFC012806D0002C34
:1062300002D07FF0010501E07FF00205280032BDA9
:1062400004ED00E00EB4C0B5024603A800210190A1
:10625000009101AB0121044878440C30F9F794FF18
:1062600006BC5DF810FB00BF515E000078B587B03A
:10627000040000200020002000902548016851F013
:1062800004010160006810F004000090009801A96A
:1062900002A8FFF713FB0598002802D1FFF7F8FAD0
:1062A00002E0FFF7F5FA40001A49B0FBF1F0401E9A
:1062B000194D1A49296040F2E731E9606860002011
:1062C00028610020A8600020A861280000F02AF8BA
:1062D00006003000C0B2002815D1280000F059F89F
:1062E00006003000C0B200280DD11E20FFF7E9FCE7
:1062F000102C07D2002221001E20FFF7D1FC0848F5
:10630000046000E001263000C0B208B070BD00009B
:106310004038024040420F00F86000200008004072
:10632000E001002010B50400002C01D101202FE075
:1063300094F83D00002805D1002084F83C0020009E
:1063400000F0E7FB022084F83D00211D206800F0EA
:1063500091FA012084F84600012084F83E000120D3
:1063600084F83F00012084F84000012084F84100B7
:10637000012084F84200012084F84300012084F8C1
:106380004400012084F84500012084F83D000020ED
:1063900010BD90F83D10012901D0012043E00221F9
:1063A00080F83D100168C96851F001010268D160B0
:1063B0000168DFF87420914221D00168B1F1804F6B
:1063C0001DD00168DFF86420914218D00168DFF821
:1063D0006020914213D00168DFF8582091420ED01E
:1063E0000168DFF85420914209D00168DFF84C20A1
:1063F000914204D00168DFF8482091420CD1016835
:10640000896811F0070106290CD00168096851F06C
:1064100001010068016005E00168096851F00101AF
:106420000068016000207047000001400004004047
:1064300000080040000C0040000401400040014002
:106440000018004010B50400002C01D101202FE0FD
:1064500094F83D00002805D1002084F83C0020007D
:1064600000F058FB022084F83D00211D206800F058
:1064700001FA012084F84600012084F83E00012042
:1064800084F83F00012084F84000012084F8410096
:10649000012084F84200012084F84300012084F8A0
:1064A0004400012084F84500012084F83D000020CC
:1064B00010BD10B50400002902D194F83E000BE095
:1064C000042902D194F83F0006E0082902D194F88B
:1064D000400001E094F84100012801D001206BE068
:1064E000002904D1022084F83E00C0B211E0042942
:1064F00004D1022084F83F00C0B20AE0082904D188
:10650000022084F84000C0B203E0022084F8410079
:10651000C0B20122206800F0E9FADFF8A01020687C
:10652000884204D02068DFF89820904201D10120F1
:1065300000E00020C0B2002805D02068406C50F474
:106540000040226850642068884221D02068B0F161
:10655000804F1DD02068DFF86C10884218D020686A
:10656000DFF86410884213D02068DFF8601088429A
:106570000ED02068DFF84810884209D02068DFF884
:106580005010884204D02068DFF8481088420CD1AF
:106590002068806810F0070006280CD0206800688A
:1065A00050F001002168086005E02068006850F0A4
:1065B000010021680860002010BD000000000140BB
:1065C000000401400004004000080040000C0040AE
:1065D000004001400018004010B504002068006928
:1065E00080071AD52068C068800716D57FF00200A2
:1065F00021680861012020772068806910F0030F6E
:1066000003D0200000F0C6FA05E0200000F024FBD3
:10661000200000F022FB002020772068006940075E
:106620001AD52068C068400716D57FF0040021689D
:106630000861022020772068806910F4407F03D031
:10664000200000F0A7FA05E0200000F005FB200084
:1066500000F003FB002020772068006900071AD5AE
:106660002068C068000716D57FF00800216808611F
:10667000042020772068C06910F0030F03D02000A9
:1066800000F088FA05E0200000F0E6FA200000F0B3
:10669000E4FA0020207720680069C0061AD5206837
:1066A000C068C00616D57FF0100021680861082078
:1066B00020772068C06910F4407F03D0200000F0EC
:1066C00069FA05E0200000F0C7FA200000F0C5FAE2
:1066D0000020207720680069C0070AD52068C068BC
:1066E000C00706D57FF0010021680861200000F096
:1066F00026FB2068006900060AD52068C0680006ED
:1067000006D57FF0800021680861200000F02AFB98
:106710002068006940060AD52068C068400606D592
:106720007FF0400021680861200000F01CFB206819
:10673000006980060AD52068C068800606D57FF00B
:10674000200021680861200000F00EFB10BD70B52C
:1067500004000E00002594F83C00012801D102201D
:106760006FE0012084F83C00002A06D0042A1BD0E8
:10677000082A31D00C2A46D05DE03100206800F0B4
:10678000D8F82068806950F0080021688861206886
:10679000806930F00400216888612068816930696F
:1067A00001432068816147E03100206800F0F3F880
:1067B0002068806950F400602168886120688069E1
:1067C00030F480602168886120688069316950EA0E
:1067D0000120216888612FE03100206800F013F962
:1067E0002068C06950F008002168C8612068C0694D
:1067F00030F004002168C8612068C1693069014334
:106800002068C16118E03100206800F032F920688A
:10681000C06950F400602168C8612068C06930F424
:1068200080602168C8612068C069316950EA012030
:106830002168C86100E00125002084F83C002800A0
:10684000C0B270BD02000020002906D0042907D084
:10685000082908D00C2909D00BE01068406B08E02B
:106860001068806B05E01068C06B02E01068006C77
:10687000FFE7704710B40468DFF84432984212D042
:10688000B0F1804F0FD0DFF83C2290420BD0DFF800
:106890003822904207D0DFF83422904203D0DFF84C
:1068A0003022904203D134F070044A681443984275
:1068B00027D0B0F1804F24D0DFF80822904220D0BA
:1068C000DFF8042290421CD0DFF80022904218D05A
:1068D000DFF8FC21904214D0DFF8F821904210D06C
:1068E000DFF8F42190420CD0DFF8F021904208D07C
:1068F0007B4A904205D07B4A904202D07A4A90422D
:1069000003D134F44074CA68144334F080044A69F3
:10691000144304608A68C2620A688262984202D0A4
:106920006B4A904201D1096901630121416110BCA8
:10693000704770B4026A520852000262046A4568E5
:10694000836933F070039B089B000A68134334F09B
:1069500002048A6814435A4EB04202D05C4A904204
:1069600005D134F00804CA68144334F00404B0427A
:1069700002D0574A904207D135F4807535F400753E
:106980004A6915438A6915434560836149684163D3
:10699000046270BC704770B4026A32F01002026286
:1069A000036A4468826932F4E04232F440720D684E
:1069B00052EA052233F020038D6853EA0513404D57
:1069C000A84202D0424EB04206D133F08003CE68D6
:1069D00053EA061333F04003A84202D03C4DA842CC
:1069E00009D134F4806434F400644D6954EA8504B8
:1069F0008D6954EA85044460826149688163036259
:106A000070BC7047000070B4026A32F48072026297
:106A1000046A4568C36933F070039B089B000A68E9
:106A2000134334F400748A6854EA0224244A9042DE
:106A300002D0274EB04206D134F40064CE6854EA46
:106A4000062434F48064904202D0214A904209D155
:106A500035F4805535F400554A6955EA02158A69BE
:106A600055EA02154560C3614968C163046270BCA0
:106A7000704730B4026A32F480520262036A44689A
:106A8000C26932F4E04232F440720D6852EA0522E3
:106A900033F400538D6853EA0533094DA84202D000
:106AA0000B4DA84204D134F480444D6954EA851456
:106AB0004460C26149680164036230BC70470000F1
:106AC000000001400004004000080040000C0040AD
:106AD00000040140004001400044014000480140E2
:106AE00000180040001C00400020004010B40124A9
:106AF00011F01F0314FA03F3046A34EA0303036278
:106B0000036A11F01F0112FA01F11943016210BC6E
:106B1000704770477047000080B52DED048B4148E9
:106B200090EC038AFEF7BFFE01EE100A3E490A68A8
:106B30003E4B1868121A00EE102A09681868091AE4
:106B400000EE901AF8EE401AB8EE411A81EE811A62
:106B5000F0EE418AF5EE408AF1EE10FA05DDB7EE6F
:106B6000001A81EE281AB0EE418AF8EE600AB8EEFB
:106B7000400A80EE800ADFED2A0A20EE200AB0EEFD
:106B8000409AB0EE480AF0EE680AB0EE491ABDEC41
:106B9000048B01BD10B5040020682549884204D14A
:106BA00000212000FFF74EFE2AE02068214988429C
:106BB00004D100212000FFF745FE21E020681E4996
:106BC00088421DD100212000FFF73CFE01001B4A36
:106BD0001078002804D015480160002010700FE0E4
:106BE00011480160012010702000FFF795FF144844
:106BF00080ED000A1348C0ED000A134880ED001A2A
:106C000010BD80B51248FFF7E7FC01BD80B5114803
:106C1000FFF7E2FC01BD80B50C48FFF7DDFC01BDCC
:106C20000000C84268C1000844630020406300209F
:106C30000044014000480140001C00402E03002099
:106C4000486300204C6300205063002068600020EF
:106C5000D85F0020206000207047704780B53C4816
:106C6000016851F00101016000F080F800F013F8B4
:106C700000F096F800F080FA00F0F2FA00F0FDFB68
:106C800000F078FCFFF752F800F08EFC00F0B4FC46
:106C9000FFF773F8FEE780B592B03022002106A816
:106CA000FEF774FE1422002101A8FEF76FFE0020FB
:106CB00000902848016851F080510160006810F090
:106CC000805000900098002000902348016851F403
:106CD00080410160006810F480400090009801201D
:106CE00006905FF48030079002200C905FF48000E3
:106CF0000D9019200E904FF4A8700F900220109064
:106D00000720119006A800F05BFD002801D000F0DC
:106D100027F80F20019002200290002003904FF4EA
:106D2000A05004904FF480500590052101A8FEF773
:106D30000FFD002801D000F013F813B000BD80B59E
:106D400000680649884201D100F01CFF01BD000027
:106D5000042004E040380240007000400008004079
:106D600072B6FEE7704770477047000080B50B4869
:106D7000016851F400710160016851F480610160A3
:106D8000016851F4807101600320FEF785FF0F2038
:106D9000FFF76CFA00F002FF002002BD003C024049
:106DA0002DE9F84F86B0142200216846FEF7EEFD6B
:106DB00000200590E648016851F01001016001686B
:106DC00011F010010591059900210591016851F418
:106DD00080710160016811F48071059105990021AD
:106DE0000591016851F004010160016811F004018E
:106DF0000591059900210591016851F0200101607C
:106E0000016811F0200105910599002105910168A3
:106E100051F080010160016811F080010591059930
:106E200000210591016851F001010160016811F034
:106E300001010591059900210591016851F00201B8
:106E40000160016811F00201059105990021059189
:106E5000016851F040010160016811F040010591A5
:106E6000059900210591016851F008010160006851
:106E700010F0080005900598B64C0122232120004F
:106E8000FEF782FE002220212000FEF77DFE012277
:106E90004FF4C061B048FEF777FE01220D21AF48E4
:106EA000FEF772FEAE4D01224DF644412800FEF77A
:106EB0006BFE00224FF408512800FEF765FE47F2F2
:106EC000C01601223100A748FEF75EFEA64F012240
:106ED00001213800FEF758FEDFF8908201224FF4BE
:106EE00000414046FEF750FEDFF884920122402127
:106EF0004846FEF749FE012280214846FEF744FE3F
:106F0000DFF870A201224FF440715046FEF73CFEBC
:106F1000802000900120019000200290002003902A
:106F200069464846FEF73CFD442000900020019051
:106F30000020029069462000FEF732FD23200090D9
:106F4000012001900020029000200390694620005B
:106F5000FEF726FD4FF47F6000905FF4881BCDF8AC
:106F600004B00020029069463800FEF719FD4FF486
:106F70000050009000200190002002906946774860
:106F8000FEF70EFD4FF4C06000900120019000203C
:106F900002900020039069466F48FEF701FD0D2026
:106FA000009001200190002002900020039069468B
:106FB0006A48FEF7F5FC4FF644600090012001900E
:106FC000002002900020039069462800FEF7E8FCAC
:106FD00030200090122001900020029003200390A6
:106FE0000420049069462800FEF7DAFC4FF4C150F3
:106FF0000090002001900020029069464046FEF774
:10700000CFFC01200090CDF804B00020029069462A
:107010005046FEF7C5FC4CF20400009000200190A1
:107020000020029069465046FEF7BAFC4FF4C0704B
:107030000090122001900020029003200390042071
:10704000049069462800FEF7ABFC009601200190F1
:10705000002002900020039069464248FEF7A0FC01
:107060000120009001200190002002900020039058
:1070700069463800FEF794FC4FF400450095112056
:107080000190002002900220039069464046FEF7DE
:1070900087FC0820009000200190002002906946A3
:1070A0004846FEF77DFC4020009001200190002022
:1070B00002900020039069464846FEF771FC009557
:1070C000CDF804B00020029069462648FEF768FC1F
:1070D0004FF44070009001200190002002900020A9
:1070E000039069465046FEF75BFC0022052106200E
:1070F000FEF7D6FD0620FEF7E4FD0022052107205D
:10710000FEF7CEFD0720FEF7DCFD002205210A2058
:10711000FEF7C6FD0A20FEF7D4FD00220521172048
:10712000FEF7BEFD1720FEF7CCFD0022052128202A
:10713000FEF7B6FD2820FEF7C4FD00220321200043
:10714000FEF722FD642000F04DFD07B0BDE8F08F92
:107150003038024000100240001402400008024093
:10716000001C0240001802400020024000000240C3
:10717000000C0240000402401FB5102200216846A6
:10718000FEF704FC304C314820605FF480306060D2
:107190000020A0600020206100202076002084F8DC
:1071A00020000020E0622A48A0620020E060012068
:1071B000E061002084F8300001206061200000F0D0
:1071C00025FD002801D0FFF7CBFD03200090012012
:1071D0000190002002906946200000F049FD00283F
:1071E00001D0FFF7BDFD1FBD10B586B0040014220D
:1071F000002101A8FEF7CAFB20681449884221D16A
:10720000002000901348016851F48071016000680B
:1072100010F4807000900098002000900E480168E3
:1072200051F001010160006810F001000090009829
:1072300018200190032002900020039001A9074824
:10724000FEF7AEFB06B010BD905F002000200140AD
:107250000100000F44380240303802400000024074
:1072600070B58EB01C2200216846FEF78FFB1C22F1
:10727000002107A8FEF78AFB67485FF020440460FE
:10728000664D4560022181600021C16000210161DD
:1072900010214161002181610021C1610021016251
:1072A000002141624FF4805686620021C1620021B4
:1072B00001630021416300218163002141640221B7
:1072C00000910121019102210291012103911021DC
:1072D000049111210591002106910022694600F0D8
:1072E0003DFE002801D0FFF73BFD4D48046045609E
:1072F000042181600021C160002101610021416100
:10730000002181610021C1610021016200214162EF
:1073100086620021C16200210163002141630021D6
:1073200081630021416404210091002101910F211A
:1073300002910A2103910021069104210791002165
:1073400008910A2109910A210A9100210D9107AAA9
:10735000694600F003FE002801D0FFF701FD0EB0E2
:1073600070BD80B586B0142200216846FEF70EFB82
:107370002C490868002849D10120086000200590A8
:107380002948016851F001010160006810F0010016
:10739000059005984FF6987000900220019000200B
:1073A0000290032003900C20049069461F48FEF7CA
:1073B000F7FA4FF23F000090022001900020029067
:1073C000032003900C20049069461948FEF7E8FA60
:1073D00040F23F60009002200190002002900320C4
:1073E00003900C20049069461248FEF7D9FA4FF634
:1073F000B3700090022001900020029003200390BF
:107400000C20049069460C48FEF7CAFA07B000BD8C
:1074100080B5FFF7A6FF01BD005E0020040100A0BB
:10742000505E002070630020383802400010024097
:107430000014024000180240000C024080B5FEF724
:1074400065FA41490968C1F30311082901D20121F4
:1074500003E00222083912FA01F1B0FBF1F002BD9B
:107460003A4A914200D33A494900B0FBF1F0801EFC
:10747000B0F5807F00D3FF20704738B5354CFFF75B
:10748000DDFF2060344D3548286000206860002012
:10749000A8600020E8600020286100206861304971
:1074A0002068FFF7DDFFA86131BD10B586B004008C
:1074B0001422002101A8FEF769FA206827498842B2
:1074C0003FD1002000902748016851F4006101601D
:1074D000006810F40060009000980020009022489E
:1074E000016851F004010160016811F0040100918C
:1074F000009900210091016851F0080101600068C5
:1075000010F00800009000984FF4F850019002200D
:10751000029000200390032004900C20059001A904
:107520001248FEF73DFA042001900220029000204C
:107530000390032004900C20059001A90C48FEF74D
:107540002FFA06B010BD00000838024041787D01D6
:1075500040787D0198630020905A0020002C014063
:1075600080969800443802403038024000080240BB
:10757000000C024080B50649064800F042FD06496D
:1075800008700649064800F03CFD0649087001BD38
:107590006063002004C100080064002064630020D0
:1075A000E8010020016400200E48016851F080715C
:1075B000016000200C4908600C48016851F001018D
:1075C0000160704710B4084B1A6809490968094CF2
:1075D000B1FBF4F148431968891A8142FBD310BC0E
:1075E00070470000FCED00E0041000E0001000E037
:1075F000E401002040420F0080B5DFF89C2100210B
:107600000FF23D10FEF714FCDFF89011086001BD89
:1076100070B5002000F0FCFC0400002003E0DFF85F
:1076200080110854401C0528F9D3DFF87451052354
:107630002A000021200000F033FD052100222E0049
:107640003000FBF7F3FA05232A000021200000F0A8
:1076500007FD70BD70B5002000F042FD0400FEF78C
:10766000C2FB050013E0DFF83C613100200000F0B0
:1076700063FD96F9063096F9052096F90410DFF8B7
:10768000280100F071FD4FF4FA70FEF733FCFEF7AD
:10769000AAFB401B44F620618842E4D370BD1CB5B0
:1076A000002000F081FD0400002002E04049085461
:1076B000401CB0F5806FF9D3002003E000213D4A63
:1076C0001154401CB0F5806FF8D34FF48063384AF2
:1076D0000021200000F013FE4FF4806000904FF472
:1076E0008063344A0021200000F084FD13BD5FF068
:1076F000C840002102E020F81110491C0A29FADBD9
:10770000002105E030F811202B4B23F81120491CF3
:107710000A29F7DB704710B5002000F08DFE040049
:10772000200000F011FF4FF4FA70FEF7E3FB200099
:1077300000F010FF4FF4FA70FEF7DCFBF0E70000FA
:107740001CB500201D48D0E90023CDE9002300200E
:1077500000F089FF04006A460121200000F096FF36
:1077600000220221200000F091FF0020FDF7B0FB75
:107770000E490860FFF7BBFFFFF74AFFFFF76AFFFC
:10778000FFF78DFF00F0C2FFFFF7C5FF4FF47A70DF
:10779000FEF7B0FBFAE7000098BF00086C6300201A
:1077A0001863002020630020F0C0000868630020F8
:1077B00094470020944B0020446200203CC2000803
:1077C0002DE9FC410400002C01D10120C4E1207806
:1077D000C0075FD5DFF88403016811F00C010429AC
:1077E00009D0006810F00C0008280ED1DFF87003F3
:1077F0000068400209D5DFF86C030068800349D5B2
:107800006068002846D10120A6E16068B0F5803F9D
:1078100006D1DFF85003016851F48031016018E0AF
:107820006068B0F5A02F0AD1DFF83803016851F481
:1078300080210160016851F48031016009E0DFF8C6
:107840002403016831F480310160016831F4802142
:107850000160606800280ED0FDF7E6FC0500DFF847
:1078600004030068800315D4FDF7DEFC401B652887
:10787000F5D3032070E1FDF7D7FC0500DFF8E40243
:107880000068800306D5FDF7CFFC401B6528F5D3C3
:10789000032061E1207880071DD5B048016811F010
:1078A0000C0F08D0006810F00C0008282AD1AC4852
:1078B0000068400226D4AB480168890704D5E16816
:1078C000012901D0012047E1016831F0F801226966
:1078D00051EAC20101602078000751D56069002893
:1078E0003DD00120A0490860FDF79EFC05009F489F
:1078F0000068800744D4FDF797FC401B0328F6D3AB
:10790000032029E1E068002818D001209849086088
:10791000FDF78AFC050093480168890706D4FDF746
:1079200083FC401B0328F6D3032015E1016831F0E6
:10793000F801226951EAC2010160CCE700208C49BC
:107940000860FDF771FC0500864800688007C2D515
:10795000FDF76AFC401B0328F6D30320FCE000205F
:1079600081490860FDF760FC0500804800688007D9
:1079700006D5FDF759FC401B0328F6D30320EBE0A6
:10798000207840076FD500267A4D2868C0000BD4B8
:1079900000200090286850F080502860286810F07F
:1079A0008050009000980126734F3868C00511D4AC
:1079B000386850F480703860FDF736FC80463868CF
:1079C000C00507D4FDF730FCB0EB08000328F6D360
:1079D0000320C1E0A068012805D16848016851F082
:1079E0000101016015E0A068052809D1634801681C
:1079F00051F004010160016851F00101016008E0EB
:107A00005E480168490849000160016831F00401DD
:107A10000160A06800280FD0FDF706FC070057485A
:107A20000068800718D4FDF7FFFBC01B41F28931C5
:107A30008842F4D303208FE0FDF7F6FB07004F48A0
:107A40000068800708D5FDF7EFFBC01B41F28931C4
:107A50008842F4D303207FE0F6B2012E03D12868D8
:107A600030F080502860A069002874D03B4800683E
:107A700010F00C00082843D0A06902282FD1404EF6
:107A800000203060FDF7D0FB0700364D28688001EC
:107A900006D5FDF7C9FBC01B0328F6D303205BE026
:107AA000E169206A0143606A51EA8011A06A4008D6
:107AB000401E51EA0041E06A51EA00612848016035
:107AC00001203060FDF7B0FB04002868800142D43B
:107AD000FDF7AAFB001B0328F7D303203CE000209E
:107AE00027490860FDF7A0FB04001E4800688001DC
:107AF00031D5FDF799FB001B0328F6D303202BE0BB
:107B0000A069012801D1012026E015480068A1697B
:107B100001291ED010F48001E269914219D110F0C0
:107B20003F01226A914214D147F6C0710140626A56
:107B3000B1EB821F0DD110F44031A26A5208521EDF
:107B4000B1EB024F05D110F07060E16AB0EB016F4C
:107B500001D0012000E00020BDE8F6810838024095
:107B60000438024000380240800E47427438024018
:107B70000000474240380240007000407038024028
:107B80006000474203480168034A1278891801607F
:107B9000704700BF9C6300203003002080B50020A8
:107BA00000900E48016851F480410160006810F4B3
:107BB000804000900098002000900948016851F032
:107BC00080510160006810F0805000900098002201
:107BD0000F217FF00100FEF763F801BD4438024039
:107BE0004038024038B50400FDF71EFB050014F1D3
:107BF000010F02D0044800782418FDF715FB401B44
:107C0000A042FAD331BD00BF3003002038B50400D4
:107C10000025002C01D1012029E0A06ADFF82813FB
:107C20008842206C002807D12000FFF7DDFA0020F1
:107C30006064002084F83C00206CC00611D4206CE5
:107C400030F4885050F002002064200000F0CEF89C
:107C500000206064206C30F0020050F001002064CD
:107C600000E00125002084F83C002800C0B232BDAD
:107C700038B402000020009092F83C00012801D1A5
:107C80000220B1E0012082F83C0008680A2818D3DD
:107C90001068C368072408680A38032510FB05F03C
:107CA0008440A3431068C3601068C3688C68086888
:107CB0000A38032510FB05F0844023431068C36095
:107CC00013E01068036907240D6803204543AC40A6
:107CD000A34310680361106803698C680D68032072
:107CE0004543AC402343106803614868072818D215
:107CF0001068436B1F244868401E052510FB05F0E3
:107D00008440A343106843631068436B0C88486841
:107D1000401E052510FB05F0844023431068436393
:107D200033E048680D2818D21068036B1F24486898
:107D3000C01F052510FB05F08440A34310680363B2
:107D40001068036B0C884868C01F052510FB05F000
:107D5000844023431068036317E01068C36A1F243C
:107D600048680D38052510FB05F08440A3431068D2
:107D7000C3621068C36A0C8848680D38052510FB7B
:107D800005F0844023431068C3627248724B146844
:107D90009C4206D10C68122C03D1446854F4800430
:107DA000446014689C421BD10B68102B02D00B68F6
:107DB000112B15D1436853F4000343600868102861
:107DC0000ED1624800686249B0FBF1F10A204143DC
:107DD000009102E00098401E009000980028F9D120
:107DE000002082F83C00002032BC7047594A51689C
:107DF00031F440315160536841680B43536001686E
:107E0000496831F48071026851600168496802690B
:107E100051EA0221026851600168496831F04071FD
:107E20000268516001684A6881680A4301684A60D3
:107E30000168896831F400610268916001688A68AC
:107E4000C1680A4301688A60816A3F4A914218D03A
:107E50000168896831F070610268916001688A6820
:107E6000816A0A4301688A600168896831F040517B
:107E70000268916001688A68C16A0A4301688A6081
:107E80000BE00168896831F07061026891600168F7
:107E9000896831F04051026891600168896831F069
:107EA00002010268916001688968027E51EA42011C
:107EB0000268916090F82010002914D00168496888
:107EC00051F40061026851600168496831F4604111
:107ED0000268516001684968426A521E51EA4231A3
:107EE0000268516005E00168496831F40061026888
:107EF00051600168C96A31F470010268D162016899
:107F0000C96AC269521E51EA02510268D16201680F
:107F1000896831F40071026891600168896890F89D
:107F2000302051EA4221026891600168896831F489
:107F300080610268916001688968426951EA822122
:107F400000688160704700000100000FE40100201C
:107F500040420F00002301400020014070B50400A2
:107F60000D001600002C01D1012027E094F84900F3
:107F7000002805D1002084F848002000FFF748FAC7
:107F800014F10801206800F0DBFBA26829002068DA
:107F900000F010FC236BA2683100606800F02BFC3D
:107FA0002068A16850F8210050F001002168A26803
:107FB00041F82200012084F84900002070BD000033
:107FC00030B4030001200024104CA57B022D15DAEB
:107FD0000020A57B6055A07B04EB80004360A07B64
:107FE00020440273A07B421CA273303008703A20F8
:107FF00048702F2088700020C8700020C0B230BCAC
:10800000704780B50022FFF7DBFF02BDF46200205D
:1080100038B500281DD100F011FC0400656900206E
:1080200000F014FE2860022000F006FA68600A4D95
:108030000A4828616C60E868002805D10022012107
:108040000120FDF773FFE860200000F070FC2800BD
:1080500000E0002032BD0000B86100208CC10008A3
:108060002DE9F04104000D0016001F00D4F8108027
:10807000E068002804D05FF0FF31E068FDF7B7FF4B
:108080003B009BB2320029006068D8F80050A84736
:10809000E068002802D0E068FDF7DFFFBDE8F0816E
:1080A0002DE9F04104000D0016001F00D4F81080E7
:1080B000E068002804D05FF0FF31E068FDF797FF2B
:1080C0003B009BB2320029006068D8F80450A847F2
:1080D000E068002802D0E068FDF7BFFFBDE8F0814E
:1080E00038B5002821D100F03BFE0400656900206E
:1080F00000F0ACFD2860032000F09EF968600120CC
:1081000000F0C2FEA8600A4D0A4828616C60E86869
:10811000002805D1002201210120FDF707FFE860BA
:10812000200000F099FE280000E0002032BD000091
:10813000D461002094C1000870B504000D002669C8
:10814000E068002804D05FF0FF31E068FDF74FFFE2
:108150002900606832689047E068002802D0E06833
:10816000FDF77BFF70BD00000EB430B5B2B0020069
:1081700035ABC821684600F0B7FE0400094D2868F9
:10818000002803D10020FCF7A3FE2860220092B251
:1081900069462868FCF755FF002032B030BC5DF816
:1081A00010FB00006863002038B500281DD100F0E6
:1081B000B9FE04006569002000F048FD2860042035
:1081C00000F03AF96860094D094828616C60E86878
:1081D000002805D1002201210120FDF7A7FEE8605B
:1081E000200001F034F82800FFE732BD9C61002038
:1081F00028C100082DE9F84FADF5027D040089463D
:1082000090462569E068002804D05FF0FF31E068FF
:10821000FDF7EDFEDDF830A24E46760A5FEAC95959
:108220005FEAD959D9F5007702AA31006068AB68D6
:108230009847380080B2504550D23A0092B202A816
:1082400000EB0901C1464846F9F71CF8B9461FFA88
:1082500089F9BAEB09095FEA5929380080B2BAEB0B
:10826000000A5FEACA5A5FEADA5ACDF800A05FF066
:10827000000A16E002AA1AEB0601491C6068AB6806
:1082800098474FF4007202A94FF4007000FB0AF007
:1082900010FA87F008EB000B5846F8F7F3FF1AF1D5
:1082A000010ACA45E6D3009800281ED002AA1AEB9C
:1082B0000606761C31006068AB689847009801900C
:1082C00002A94FF4007000FB0AFA1AFA87F008EBD3
:1082D0000005019A2800F8F7D5FF06E0524602A8EB
:1082E00000EB09014046F8F7CDFFE068002802D016
:1082F000E068FDF7B2FE0DF5037DBDE8F08F2DE9D6
:10830000F84FADF5027D05000C0091469A462E69A6
:10831000E868002804D05FF0FF31E868FDF767FEE9
:1083200027007F0AE405E40DD4F50078002C05D081
:1083300002AA39006868B368984707E0BAF5007F79
:1083400004D202AA39006868B3689847404680B2F0
:1083500050455AD2424692B2494602A804442000EF
:10836000F8F790FF02AA39006868F3689847444616
:10837000A4B2BAEB0404640A404680B2BAEB000A25
:108380005FEACA5A5FEADA5ACDF800A05FF0000A45
:1083900017E04FF400724FF4007000FB0AF010FA7F
:1083A00088F009EB00010DF1080B5846F8F76AFF59
:1083B00002AA1AEB0701491C6868F36898471AF18A
:1083C000010AA245E5D3009800282AD002AA1AEB98
:1083D0000701491C6868B3689847009801904FF4FA
:1083E000007000FB0AF010FA88F009EB000102AC03
:1083F000019A2000F8F746FF02AA1AEB07077F1C34
:1084000039006868F36898470BE05246494602A86D
:1084100004442000F8F736FF02AA39006868B36800
:108420009847E868002802D0E868FDF716FE0020AB
:108430000DF5037DBDE8F08F70B504001C25404E9E
:1084400005FB04F13144097E012903D16C4306EB9D
:10845000040074E0002C1AD0022C1CD027D3042C6A
:1084600021D01CD3062C2AD025D3082C2FD02AD3D8
:108470000A2C34D02FD30C2C39D034D30E2C3ED030
:1084800039D3102C43D03ED3112C44D046E02000E9
:1084900000F044FF42E0200000F040FF3EE02000FA
:1084A00000F03CFF3AE0200000F038FF36E020000A
:1084B00000F034FF32E0200000F030FF2EE020001A
:1084C00000F02CFF2AE0200000F028FF26E020002A
:1084D00000F024FF22E0200000F020FF1EE020003A
:1084E00000F01CFF1AE0200000F018FF16E020004A
:1084F00000F014FF12E0200000F010FF0EE020005A
:1085000000F00CFF0AE0200000F008FF06E0200069
:1085100000F004FF02E0200000F000FF094905FB25
:1085200004F23244116105FB04F13144486001203A
:1085300005FB04F1314408766C4306EB040070BD82
:10854000945100200400002080B50169406809684A
:10855000884701BD80B5016940684968884701BD09
:1085600080B554480068C0F38220042802D2FDF789
:108570008FF902E0FDF78CF9400002BD38B5050027
:108580000C00FFF7EDFF012100E0491CB1F1011FD4
:1085900007D205FB01F2B0FBF2F2521EB2F5803FAA
:1085A000F3D24548491E036899620168CA62C260F5
:1085B000521CE4B204FB02F46421B4FBF1F1006844
:1085C000816331BD10B588B0002000903B48016840
:1085D00051F040010160006810F0400000900098E8
:1085E000354C37482060002060600020A06040F2D9
:1085F000E730E060002020612000FDF723FF6020CD
:1086000001904FF4FA700290002003900020059032
:10861000042201A92000FEF79AF808B010BD80B529
:1086200086B0002000902748016851F08001016069
:10863000006810F08000009000981422002101A82A
:10864000FDF7A4F94FF40070019002200290002081
:108650000390002004900920059001A91A48FDF715
:108660009FF907B000BD10B500280DD1174C207E32
:10867000012801D1200008E001202076FFF7CFFF7C
:10868000FFF7A0FF200000E0002010BD80B5C9B2B8
:10869000012902D0022906D00AE09188C9B21068E7
:1086A000FFF76CFF04E004210348FDF702FFFFE73A
:1086B00001BD000008380240B06000204038024090
:1086C0000018004030380240001C02401400002016
:1086D00000B5ADF5037DFFE75FF0FF33002269468B
:1086E00013480068FDF770FD0028F5D19DF80800DB
:1086F0000128F1D0F0D3032805D003D3052804D0F6
:1087000002D3E9E7E8E7E7E7E6E7E5E780B5002237
:108710004FF403710120FDF7CCFC05490860054AC0
:1087200000210548FDF784FB0449086001BD0000F5
:10873000A4630020BCBF0008D1860008A06300200D
:1087400010B40A6850F82220520852000B6840F812
:1087500023208A68082A01D1402300E000234A68C8
:1087600013438A681343CA6813430A6913434A6967
:108770001343CA6913430A6A13434A6A13438A6A52
:108780001343CA6A13430A6B13438A691343CA6BC0
:108790001343284A52F4806252F4E0220C6850F8E5
:1087A000244034EA02021343096840F821300020D3
:1087B00010BC704730B400EB82035C6814F0404496
:1087C0008D690B681D434B6855EA03158B6855EAA4
:1087D0000325CB6855EA03450B695B1E55EA035533
:1087E0004969891E55EA01652C4300EB820044600B
:1087F000002030BC704710B4B3F5804F13D150F84F
:1088000022400D4B1C400B681C434B6854EA031478
:108810008B6854EA03248B691C43C96854EA0144F9
:1088200040F8224003E07FF0704140F82210002021
:1088300010BC70477FFB08000000F0CF3F48404964
:108840004161704738B50C0045696868FFF77CFEE8
:108850002100C9B2286800F018FA6868FFF77AFEAC
:1088600031BDF8B50C0015001E0047690621FFF761
:10887000E9FF7868FFF768FE0221386800F005FA22
:108880002100090AC9B2386800F0FFF92100C9B215
:10889000386800F0FAF9002000E0401C310089B28D
:1088A0008842FAD3320092B22900386800F0F5F914
:1088B0007868FFF74FFEF1BDF8B50C0015001E00FB
:1088C000476900207868FFF73FFE0321386800F011
:1088D000DCF92100090AC9B2386800F0D6F9210094
:1088E000C9B2386800F0D1F9002404E0386800F01B
:1088F000DCF92855641C300080B28442F6D37868D5
:10890000FFF728FEF1BD38B5446900206068FFF725
:108910001BFE0521206800F0B8F9206800F0C5F9B9
:1089200005006068FFF716FE2800C0B232BD80B5B2
:108930004169FFF7E8FF0349087001BD2862002084
:1089400004630020026400202DE9F84386B004008F
:108950001422002101A8FDF719F82068DFF8A813F8
:10896000884240F0968000200090DFF8A003016864
:1089700051F480510160006810F48050009000981C
:1089800000200090DFF88853286850F0020028602B
:10899000286810F002000090009838200190022012
:1089A000029000200390032004900520059001A967
:1089B000DFF86003FCF7F4FF00200090286850F413
:1089C00080002860286810F4800000900098DFF88C
:1089D0004853DFF8480328605FF0C0666E604020AF
:1089E000A8600020E8604FF480672F610020686174
:1089F0000020A8610020E861002028620020686251
:108A00000320A8625FF40008C5F82C805FF4001909
:108A1000C5F830902800FCF70DFCA564AC63DFF8C6
:108A20000053DFF8000328606E600020A86000207B
:108A3000E8602F61002068610020A8610020E861E3
:108A40005FF400302862002068620320A862C5F845
:108A50002C80C5F830902800FCF7ECFBE564AC6393
:108A6000012205210F20FDF71BF90F20FDF729F941
:108A7000002205210E20FDF713F90E20FDF721F944
:108A8000002205212320FDF70BF92320FDF719F91A
:108A900029E02068A449884225D100200090A348FD
:108AA000016851F480410160006810F4804000903A
:108AB0000098002000909648016851F48071016090
:108AC000006810F48070009000980E200190022041
:108AD000029000200390032004900520059001A936
:108AE0009348FCF75DFF07B0BDE8F08380B5FCF765
:108AF0000DFF90490968C1F38221042901D20121A7
:108B000003E00222091F12FA01F1B0FBF1F002BDED
:108B100038B590B0040008A887492022F8F7C2FBB6
:108B2000FFF7E4FF0500684684492022F8F7BAFB06
:108B3000002000E0401C08280BDA694651F820109C
:108B4000B5FBF1F1A142F5D208A901EB8000406824
:108B500000E0382011B030BD10B56B4902688A4280
:108B600023D1774C21604FF4827060600020A060B8
:108B70000020E06002202061012060614FF400705D
:108B8000A0617048FFF7C4FFE06100202062002070
:108B900060620020A0620A20E062200000F0BAFCBF
:108BA000002825D0FEF7DCF822E05F490068884203
:108BB0001ED1654C21604FF4827060600020A0607F
:108BC0000020E06000202061012060614FF400700F
:108BD000A0615C48FFF79CFFE0610020206200205C
:108BE00060620020A0620A20E062200000F092FC97
:108BF00010BD02B5002155490B680122694600F0FD
:108C0000F0FC01BD80B5514B1B6892B200F0E9FC4D
:108C100001BD80B50021FF218DF800104B490B6884
:108C20000122694600F0B2FD9DF8000002BD80B54A
:108C30000023FF23454B1B6892B200F0A7FDC0B292
:108C4000002801D0012000E0002002BD38B5002836
:108C500019D13F4C207E002813D101202076384DB9
:108C60002800FFF779FF3B48056060613A482061C2
:108C7000E068002805D1002201210120FDF756F906
:108C8000E060200000E0002032BD80B50269C9B27A
:108C9000406900685268904701BD80B5036992B28F
:108CA000406900689B68984701BD80B501694069CB
:108CB0000068C9688847C0B202BD80B5036992B236
:108CC000406900681B699847002002BD80B5C168F3
:108CD000002904D05FF0FF31C068FDF788F901BDBD
:108CE00080B5C168002902D0C068FDF7B6F901BDA2
:108CF00080B51348806CFCF7A8FB01BD80B5104817
:108D000000F00CFF01BD000000300140443802407B
:108D10003038024000040240145B002058640240D6
:108D2000745B00201064024000380040403802406C
:108D3000002002400838024024C0000844C0000857
:108D40003000002080841E0088000020E000002009
:108D5000F061002054630020E40000207047000010
:108D60003A483B4941617047F8B50C001500476926
:108D70003868FFF7ABFF7868FFF7ECFB2100C9B25A
:108D80003868FFF782FF3868FFF78FFF2870786830
:108D9000FFF7DAFB3868FFF7A3FF3000F2BDF8B544
:108DA0000C00150047693868FFF790FF7868FFF7F7
:108DB000D1FBB4F18001C9B23868FFF766FF290022
:108DC000C9B23868FFF761FF7868FFF7BDFB386804
:108DD000FFF786FF3000F2BD0100C9B20909C9B230
:108DE0000A22C0B210F00F0002FB0100C0B27047AF
:108DF0007CB50C006946174A13680B60002546696C
:108E00003068FFF763FF7068FFF7A4FB2900C9B261
:108E10003068FFF73AFF032269463068FFF74DFFDD
:108E20007068FFF791FB3068FFF75AFF9DF800006C
:108E3000FFF7D2FFA0719DF80100FFF7CDFF607131
:108E40009DF80200FFF7C8FF207173BD0C6200207F
:108E5000E462002084C200081CB5040000220F2137
:108E60002000FFF79CFF002211212000FFF797FF51
:108E70006A4610212000FFF777FF6A46072120008D
:108E8000FFF772FF13BD000070B504001C25144EDF
:108E900005FB04F13144097E012903D16C4306EB43
:108EA00004001CE0002C02D0012C04D006E02000BD
:108EB00000F0CEFF02E0200000F0CAFF094905FBE8
:108EC00004F23244116105FB04F131444860012091
:108ED00005FB04F1314408766C4306EB040070BDD9
:108EE000785900200000002008B584B000230393C7
:108EF00000290EBF01930190491E0291009301A920
:108F000004AB074878441830F7F73EF9019909B1E6
:108F100000220A70002858BF039805B000BD00BFAA
:108F20007B82FFFFDFF8A403DFF8A41341617047E1
:108F300080B5FEF747FB01BDF8B50C0015001E001B
:108F400047693868FFF7C2FE7868FFF7FDFAE4B2B8
:108F5000002C03D087208DF8000002E084208DF8DB
:108F60000000069C00208DF801002800000A10F087
:108F700011008DF802008DF803500422694638680C
:108F8000FFF78BFE220092B231003868FFF785FEB2
:108F90007868FFF7DFFA3868FFF7A2FEF1BD38B551
:108FA0000C0045692100090AC9B22868FFF76DFE67
:108FB0002100C9B22868FFF768FE31BDF8B5050089
:108FC0000C0016006F693868FFF780FE7868FFF7BD
:108FD000BBFAE4B2002C04D086213868FFF755FEB6
:108FE00003E083213868FFF750FE31002800FFF7C7
:108FF000D6FF00213868FFF748FE7868FFF7AAFA25
:109000003868FFF76DFEF1BD2DE9F0410C00150049
:109010001E0047693100C9B20022A8464046F9F750
:1090200005FE3868FFF752FE7868FFF78DFA2100D9
:10903000C9B23868FFF729FEF6B2320092B22900B1
:109040003868FFF73AFE7868FFF784FA3868FFF768
:1090500047FEBDE8F08138B50C0045692868FFF788
:1090600035FE6868FFF770FA042221002868FFF7D0
:1090700014FE6868FFF76EFA2868FFF731FE31BD0D
:1090800038B50400002504236A46D7212000FFF7E5
:10909000BBFF9DF80000000608D46420FFF748FFDE
:1090A0006D1C280080B26528EDDB31BDFDE72DE9A0
:1090B000F84306000F0090464FF48075022485485F
:1090C0000088B0F5007F02D101244FF400755FF0F5
:1090D00000091DE0280080B20090434600220021D4
:1090E0003000FFF729FF0A20FEF76CFA2000C0B21B
:1090F00000FB07F010FA89F200213000FFF75EFF55
:109100003000FFF7BDFF280080B2804419F101094B
:1091100048462100C9B280B289B28842DAD3BDE89C
:10912000F183F8B505000C0016006F693868FFF789
:10913000CDFD7868FFF708FAE4B2002C04D0552181
:109140003868FFF7A2FD03E053213868FFF79DFD63
:1091500031002800FFF723FF00213868FFF795FD55
:109160007868FFF7F7F93868FFF7BAFDF1BDFEB58B
:109170000C0015001E0047693868FFF7A7FD7868E6
:10918000FFF7E2F9E4B2002C03D0D6208DF80000FE
:1091900002E0D4208DF80000089C00208DF801002A
:1091A0002800000A10F011008DF802008DF803501D
:1091B00000208DF80400052269463868FFF76DFD30
:1091C000220092B231003868FFF777FD7868FFF728
:1091D000C1F93868FFF784FDF7BD2DE9F8430600B3
:1091E0000F0090464FF4807402253A480088B0F58D
:1091F000007F02D101254FF400745FF000091DE0EB
:109200002800C0B200FB07F010FA89F200213000FC
:10921000FFF787FF3000FFF733FF200080B2009098
:109220004346002200213000FFF7A1FF3000FFF786
:1092300027FF200080B2804419F101094846290027
:10924000C9B280B289B28842DAD3BDE8F1833EB5B3
:10925000040000208DF800000521002201AD280047
:10926000F9F7E4FC052301AA9F212000FFF7CCFEBB
:109270009DF80500C00707D54FF400701549088018
:1092800015481649086002E0154814490860012095
:10929000FCF730FE01236A46D7212000FFF7B4FE19
:1092A0000A20FFF745FE9DF80000C0070DD40D49C8
:1092B0002000FFF7D0FE2000FFF7E2FE0A49200061
:1092C000FFF7C9FE2000FFF7DBFE37BD80610020FD
:1092D000106300202C03002018C100083863002010
:1092E000DCC000087CC2000880C2000830B585B030
:1092F0000400142100226D462800F9F797FC20682D
:1093000000F0E0FDA0880090112001900020029064
:1093100069462068FCF744FB05B030BD70B5040019
:109320001C25614E05FB04F03044007E002803D06C
:109330006C4306EB0400B5E0012005FB04F1314469
:109340000876002C1CD0022C2AD021D3042C37D034
:109350002ED3062C44D03BD3082C51D048D30A2C12
:109360005ED055D30C2C6BD062D30E2C78D06FD33B
:10937000102C00F085807BD3112C00F089808EE0CA
:109380004A4805FB04F131444861FFF7AFFF86E02E
:10939000474805FB04F131444861FFF7A7FF7EE031
:1093A000444805FB04F131444861FFF79FFF76E034
:1093B000414805FB04F131444861FFF797FF6EE037
:1093C0003E4805FB04F131444861FFF78FFF66E03A
:1093D0003B4805FB04F131444861FFF787FF5EE03D
:1093E000384805FB04F131444861FFF77FFF56E040
:1093F000354805FB04F131444861FFF777FF4EE043
:10940000324805FB04F131444861FFF76FFF46E045
:109410002F4805FB04F131444861FFF767FF3EE048
:109420002C4805FB04F131444861FFF75FFF36E04B
:10943000294805FB04F131444861FFF757FF2EE04E
:10944000264805FB04F131444861FFF74FFF26E051
:10945000234805FB04F131444861FFF747FF1EE054
:10946000204805FB04F131444861FFF73FFF16E057
:109470001D4805FB04F131444861FFF737FF0EE05A
:109480001A4805FB04F131444861FFF72FFF06E05D
:10949000174805FB04F131444861FFF727FF6C438F
:1094A00006EB040070BD00008C530020ACC1000826
:1094B000CCC10008B4C10008BCC10008C4C1000888
:1094C000D4C10008DCC10008E4C10008ECC10008F8
:1094D000F4C10008FCC1000804C200080CC2000866
:1094E00014C200081CC2000834C2000824C20008CC
:1094F0002CC2000880B54069002281880068FCF712
:1095000043FB01BD80B54069012281880068FCF7FA
:109510003BFB01BD10B50400002C01D101205FE030
:10952000606A002806D16068B0F5827F06D000200E
:10953000E06103E000202061002060610020A06263
:1095400094F85100002805D1002084F85000200034
:10955000FFF7FAF9022084F851002068006830F023
:10956000400021680860606810F48270A16811F4FE
:1095700004410843E16811F400610843217C11F0C3
:1095800002010843217D11F001010843A16911F492
:1095900000710843217F11F03801084394F820102E
:1095A00011F080010843A16A11F4005108432168B9
:1095B0000860A069000C10F0040094F8241011F069
:1095C00010010843216848602068C06930F40060D9
:1095D0002168C86100206065012084F851000020E6
:1095E00010BD2DE9F84306000D0091461C00002730
:1095F00096F85000012801D10220C5E0012086F82C
:109600005000FBF711FE8046494696F851000128AC
:1096100001D00227B0E0002D03D0484680B20028D8
:1096200001D10127A8E0032086F8510000207065D1
:109630003563A6F83490A6F836900020B063002079
:10964000B0870020F0870020706400203064B0688C
:10965000B0F5004F0BD13068006830F04000326840
:1096600010603068006850F48040326810603068E4
:109670000068400605D43068006850F04000326849
:109680001060F068B0F5006F2ED17068002802D02D
:1096900089B2012914D1306B00883168C860306B01
:1096A000801C3063F08E401EF08609E0306B00882D
:1096B0003168C860306B801C3063F08E401EF086CD
:1096C000F08E00283FD0306880688007EED4FBF72A
:1096D000ABFDB0EB0800A04202D314F1010F01D1A1
:1096E000002CEDD1032747E07068002802D089B232
:1096F000012914D1306B007831680873306B401C3D
:109700003063F08E401EF08609E0306B00783168DF
:109710000873306B401C3063F08E401EF086F08E74
:10972000002810D0306880688007EED4FBF77CFDFD
:10973000B0EB0800A04202D314F1010F01D1002CBC
:10974000EDD1032718E042462100300000F036FB3F
:10975000002801D020207065B068002808D10020C2
:1097600000903068C0680090306880680090009871
:10977000706D002800D00127012086F851000020DC
:1097800086F850003800C0B2BDE8F2832DE9F843F6
:1097900006000D0091461C0000277068B0F5827F1E
:1097A0000ED1B06800280BD1042086F85100009437
:1097B0004B469BB22A002900300000F0A0F89CE044
:1097C00096F85000012801D1022096E0012086F889
:1097D0005000FBF729FD804696F85100012801D082
:1097E000022782E0002D03D0484680B2002801D134
:1097F00001277AE0042086F8510000207065B563E7
:10980000A6F83C90A6F83E90002030630020B08679
:109810000020F0860020306400207064B068B0F54D
:10982000004F0BD13068006830F0400031680860AC
:109830003068006830F48040316808603068006843
:10984000400605D43068006850F040003168086078
:10985000F068002828D109E03068007BB16B0870FF
:10986000B06B401CB063F08F401EF087F08F002873
:109870002ED030688068C007EED4FBF7D5FCB0EB83
:109880000800A04202D314F1010F01D1002CEDD148
:1098900003272AE03068C068B16B0880B06B801C79
:1098A000B063F08F401EF087F08F002810D0306832
:1098B0008068C007EED4FBF7B7FCB0EB0800A0420D
:1098C00002D314F1010F01D1002CEDD103270CE0DC
:1098D00042462100300000F028FA002801D0202064
:1098E0007065706D002800D00127012086F85100B6
:1098F000002086F850003800C0B2BDE8F2832DE9A0
:10990000FC4705000C0091469A465FF001080026CE
:1099100095F85000012801D10220FDE0012085F8D2
:109920005000FBF781FC070095F85120686851460C
:109930001300DBB2012B0AD0B0F5827F05D1A868F5
:10994000002802D1D2B2042A01D00226DCE0002C89
:1099500006D0B9F1000F03D0504680B2002801D1E3
:109960000126D1E095F85100042802D0052085F8A1
:10997000510000206865C5F83890A5F83EA0A5F80C
:109980003CA02C63A5F836A0A5F834A000202864DC
:109990000020686428680068400605D428680068CC
:1099A00050F040002A6810600A9CE868B0F5006F2B
:1099B00048D16868002802D089B2012909D1286BF2
:1099C00000882968C860286B801C2863E88E401EC8
:1099D000E886E88E002802D1E88F00287DD028682C
:1099E0008068800711D5E88E00280ED0B8F1010FED
:1099F0000BD1286B00882968C860286B801C2863FD
:109A0000E88E401EE8865FF0000828688068C0077E
:109A10000ED5E88F00280BD02868C068A96B088095
:109A2000A86B801CA863E88F401EE8875FF00108E0
:109A3000FBF7FAFBC01BA042CBD314F1010FC8D037
:109A4000032661E06868002802D089B2012909D1A3
:109A5000286B007829680873286B401C2863E88EFF
:109A6000401EE886E88E002802D1E88F002834D016
:109A700028688068800711D5E88E00280ED0B8F1DC
:109A8000010F0BD1286B007829680873286B401CE4
:109A90002863E88E401EE8865FF00008286880682A
:109AA000C0070ED5E88F00280BD02868C068A96BC6
:109AB0000870A86B401CA863E88F401EE8875FF021
:109AC0000108FBF7B1FBC01BA04202D314F1010F48
:109AD00001D1002CC6D1032616E03A00210028004F
:109AE00000F06CF9002803D00126202068650BE007
:109AF000A868002808D1002000902868C06800905D
:109B00002868806800900098012085F851000020A6
:109B100085F850003000C0B2BDE8F6871CB50400DF
:109B2000206841682068806810F04102012A05D150
:109B30004A0603D52000216C884781E0820705D5BD
:109B40000A0603D52000616C884779E010F4B07FE5
:109B500076D08A0674D5420610D594F85120032A8F
:109B600060D0626D52F004026265002200922268A9
:109B7000D2680092226892680092009A82060FD5FD
:109B8000626D52F0010262650022009222689268C2
:109B900000922268126832F0400223681A60009A2C
:109BA000C00509D5606D50F0080060650020009088
:109BB0002068806800900098606D00283FD0206881
:109BC000406830F0E00022685060012084F85100C5
:109BD00011F0030F30D020684068800880002168B1
:109BE0004860E06C00280CD00FF25900E16C086569
:109BF000E06CFBF717FC002803D0606D50F04000CC
:109C00006065A06C00281AD00FF23900A16C0865BD
:109C1000A06CFBF707FC002811D0606D50F04000ED
:109C200060650CE0002000902068C068009020680B
:109C300080680090009803E02000FFF78FF8FFE7AE
:109C400013BD000080B5806B0021C1870021C18653
:109C5000FFF784F801BD00002DE9F84305000E0070
:109C600017009846089CFBF7DFFAB8EB00002418B1
:109C7000FBF7DAFA8146DFF8A00100684001000D29
:109C800000FB04F0009006E00098002800D10024BA
:109C90000098401E0090286880683040B04201D192
:109CA000012000E000203900C9B288423AD018F102
:109CB000010FF0D0FBF7B8FAB0EB0900A04201D2D7
:109CC000002CE1D12868406830F0E0002968486045
:109CD0006868B0F5827F0DD1A868B0F5004F03D059
:109CE000A868B0F5806F05D12868006830F04000A2
:109CF00029680860A86AB0F5005F0BD12868006881
:109D000030F40050296808602868006850F400505A
:109D100029680860012085F85100002085F850006E
:109D2000032000E00020BDE8F2831CB504000B0016
:109D30006068B0F5827F0DD1A068B0F5004F03D008
:109D4000A068B0F5806F05D12068006830F0400051
:109D5000216808606068B0F5827F1FD1A068B0F507
:109D6000806F0DD00092002280212000FFF774FF49
:109D7000002821D0606D50F02000606503201CE0B9
:109D80000092002201212000FFF766FF002813D077
:109D9000606D50F02000606503200EE0009200220C
:109DA00001212000FFF758FF002805D0606D50F01A
:109DB00020006065032000E0002016BD1CB50400F3
:109DC0000B00154800681821B0FBF1F01349B0FBF7
:109DD000F1F14FF47A70414300916068B0F5827FF1
:109DE00014D10092002280212000FFF735FF0028C7
:109DF0000FD0606D50F02000606503200AE00098ED
:109E0000401E009020688068000602D50098002857
:109E1000F5D1002016BD0000E401002040420F00F3
:109E200030B585B00400142100226D462800F8F7F3
:109E3000FDFE206800F046F8A08800900020019008
:109E40000020029069462068FBF7AAFD05B030BDEE
:109E500070B504001C25144E05FB04F03044007E50
:109E6000002803D06C4306EB04001BE0012005FB37
:109E700004F131440876002C02D0012C08D00EE009
:109E80000A4805FB04F131444861FFF7C9FF06E0C9
:109E9000074805FB04F131444861FFF7C1FF6C43FB
:109EA00006EB040070BD0000045A00209CC10008AD
:109EB000A4C1000880B5406981880068FBF75BFE9B
:109EC00002BD000081B04D49884215D04C498842FE
:109ED00022D04C4988422FD04B4988423CD04B4934
:109EE000884249D04A49884266D04A49884273D05C
:109EF0004949884250D07EE048480168C9070AD4E1
:109F000000210091016851F001010160006810F02A
:109F10000100009000986EE04048016889070AD46B
:109F200000210091016851F002010160006810F009
:109F30000200009000985EE03848016849070AD4A2
:109F400000210091016851F004010160006810F0E7
:109F50000400009000984EE03048016809070AD4D8
:109F600000210091016851F008010160006810F0C3
:109F70000800009000983EE028480168C9060AD40D
:109F800000210091016851F010010160006810F09B
:109F90001000009000982EE02048016809060AD4BD
:109FA00000210091016851F080010160006810F00B
:109FB0008000009000981EE01848016889060AD4C5
:109FC00000210091016851F020010160006810F04B
:109FD0002000009000980EE01048016849060AD45D
:109FE00000210091016851F040010160006810F00B
:109FF00040000090009801B0704700BF0000024090
:10A000000004024000080240000C02400010024020
:10A010000014024000180240001C02403038024088
:10A0200010B50400002C01D101201AE094F834008E
:10A03000002804D1002020772000FDF736FA032005
:10A0400084F83400200000F00DF8002801D0012031
:10A0500007E00020A06300202063012084F8340082
:10A06000002010BD30B589B004000020039000200E
:10A070000490002005900020069000200790762094
:10A08000089003A983B068461822F7F70BF90EBCB5
:10A09000206800F049FDC0B2002801D0012039E05D
:10A0A000DFF8105300202860206800F057FD0120E1
:10A0B00028600220FDF796FD200000F0D8FB002864
:10A0C00007D0012184F83410A16B0843A06301205C
:10A0D00020E0200000F052FB002807D0012184F886
:10A0E0003410A16B0843A063012013E04FF400710A
:10A0F000206800F06CFD00280BD0DFF8BC1222684D
:10A100009163A16B0843A063012084F8340001200F
:10A1100000E0002009B030BD70B586B00400150025
:10A120001E00002905D1A06B50F00060A063012043
:10A1300097E094F83400012840F092800020A0635A
:10A14000E06D7219904205D2A06B50F00070A063D0
:10A15000012086E0032084F8340000202268D062C9
:10A160002068C26B40F22A3002432068C2630FF2BB
:10A170006150226CD0630FF2A150226CD064002099
:10A18000226C10650020226C9060206C00680268D0
:10A1900032F0C002206C80680243206C00680260CC
:10A1A0004FF4007303FB06F39B080A00206810F1CC
:10A1B0008001206CFBF7AEF8002812D02068C06B3D
:10A1C00030F495702168C863DFF8EC01216888637A
:10A1D000A06B50F08040A063012084F8340001207F
:10A1E0003FE00120DFF834170860606C012802D0DE
:10A1F0004FF4007045435FF0FF3000904FF4007063
:10A2000000FB06F0019090200290022003900020B5
:10A210000490012005906946206800F0C2FC022EDF
:10A2200006D3822020632900206800F002FD05E0AB
:10A23000812020632900206800F0E2FC00280DD076
:10A24000DFF8741122689163A16B0843A0630120B9
:10A2500084F8340000202063012002E0002000E0A8
:10A26000022006B070BD70B586B005000C0011006C
:10A270001E00002C05D1A86B50F00060A8630120DF
:10A2800096E095F83400012840F091800020A86302
:10A29000E86D7218904205D2A86B50F00070A86368
:10A2A000012085E0032085F8340000202A68D06270
:10A2B0002868C26B40F21A2002432868C2630FF27A
:10A2C0000140EA6BD0630FF25140EA6BD06400208A
:10A2D000EA6B1065686C012802D04FF400704143AE
:10A2E000022E05D3A0202863286800F0D4FC04E0E7
:10A2F00090202863286800F0B5FC00280DD0DFF816
:10A30000B8102A689163A96B0843A863012085F8F7
:10A3100034000020286301204AE00120DFF8FC150A
:10A3200008604020E96B8860E86B0068016831F0E4
:10A33000C001E86B80680143E86B006801604FF47E
:10A34000007303FB06F39B08286810F180022100CC
:10A35000E86BFAF7DFFF002814D02868C16BDFF83C
:10A36000C00501402868C163134829688863A86B49
:10A3700050F08040A863012085F834000020286355
:10A38000012015E05FF0FF3000904FF4007046436D
:10A39000019690200290002003900020049001205C
:10A3A00005906946286800F0FCFB002000E00220D0
:10A3B00006B070BDA0802542FF05400010B4426E7B
:10A3C000920F0A70426E920E12F00F024A70426EA5
:10A3D000120E12F003028A70426E120CCA70426EA4
:10A3E000120A0A71426E4A71826E120DCA80826E22
:10A3F000120C12F00F020A72826ED20B12F00102DE
:10A400004A72826E920B12F001028A72826E520BB5
:10A4100012F00102CA72826E120B12F001020A736C
:10A4200000224A73426C002A40F09B80826E40F604
:10A43000FC7313EA8203C26E53EA92730B61C26E1D
:10A44000D20E12F007020A75C26E120E12F0070247
:10A450004A75C26E520D12F007028A75C26E920CD6
:10A4600012F00702CA75C26ED20B12F007020A760A
:10A470000A69521C42650122436D0C7E14F00704E8
:10A48000A41C12FA04F4634343650B7A13F00F0320
:10A490009A408265426D836D5B0A5A43C2654FF4F0
:10A4A00000720266C26E920B12F001024A76C26E10
:10A4B000D20912F07F028A7690F86C2012F07F02A7
:10A4C000CA76026FD20F0A77026F520F12F00302A0
:10A4D0004A77026F920E12F007028A77026F920D8E
:10A4E00012F00F02CA77026F520D12F0010281F8CA
:10A4F0002020002281F82120026F120C12F00102AC
:10A5000081F82220026FD20B12F0010281F8232081
:10A51000026F920B12F0010281F82420026F520B9D
:10A5200012F0010281F82520026F120B12F00102D5
:10A5300081F82620026F920A12F0030281F8272088
:10A54000026F120A12F0030281F82820006FC0F394
:10A55000460081F82900012081F82A00002010BC63
:10A560007047426C012A15D1826E120412F47C12DB
:10A57000C36E52EA13420A610B695B1C4FF480629E
:10A5800053434365426DC2654FF400728265826D2C
:10A59000026687E7DFF88C1302689163816B51F0E4
:10A5A00080518163012180F834100120D7E7426C8B
:10A5B0000A60826C4A60C26C8A60026DCA60426D39
:10A5C0000A61826D4A61C26D8A61006EC8610020B5
:10A5D000704778B589B004000E000025032084F888
:10A5E0003400606C03281FD0B6F5805F04D1A06BE7
:10A5F00050F08050A0631BE0B6F5006F06D120003C
:10A6000000F0AAF9A16B0843A06311E0002E06D167
:10A61000200000F0CCF9A16B0843A06308E0A06B18
:10A6200050F00060A06303E0A06B50F08050A06386
:10A63000A06B002808D0DFF8EC02216888630120B5
:10A6400084F83400012514E060680390A068049049
:10A65000E0680590069660690790A069089003A9D4
:10A6600083B068461822F6F71DFE0EBC206800F085
:10A670005BFA4FF40071206800F0A9FA002807D0B7
:10A68000DFF8A01222689163A16B0843A063012543
:10A69000012084F834002800C0B20AB070BD1CB597
:10A6A0000400002000906946200000F03FF90028D7
:10A6B00002D0A16B0843A0630098C0F3432016BDED
:10A6C000806B0168C96B51F480710068C163704789
:10A6D00010B5846B206B82280AD1206800F0F4FA50
:10A6E000002805D0A16B0843A063200000F08CFD7A
:10A6F0002068C06A30F008002168C86240F23A5011
:10A7000021688863012084F8340000202063200041
:10A7100000F07BFD10BD000010B5846BFAF79AFFC6
:10A72000022829D0206C406DE16B496D012801D0D1
:10A7300001291ED17B48216888632068C06B30F4F2
:10A740009D702168C863A06B50F08040A06320001A
:10A75000FFF7A5FF062801D0052805D1206800F0E5
:10A76000B3FAA16B0843A063012084F834000020F1
:10A770002063200000F048FD10BD000018B58FB028
:10A7800004000120ADF80C00206800F0EBF900286F
:10A7900002D15FF0806068E0606C032819D0206807
:10A7A00000F059FB002860D10021206800F0F5F985
:10A7B00060670421206800F0F0F9A0670821206894
:10A7C00000F0EBF9E0670C21206800F0E6F9C4F82E
:10A7D0008000606C032805D003A9206800F068FBA6
:10A7E000002842D1606C03281DD0BDF80C00206504
:10A7F000216D0904206800F045FB002835D10021B7
:10A80000206800F0CAF960660421206800F0C5F9EC
:10A81000A0660821206800F0C0F9E0660C212068DD
:10A8200000F0BBF920670421206800F0B6F9000DA4
:10A83000E06404A92000FFF7C1FD002802D05FF00A
:10A84000805012E0226D12040023206800F056FAB6
:10A8500000280AD1211D83B068461822F6F722FD90
:10A860000EBC206800F060F9002010B010BD7CB56F
:10A8700005000020009000260024286800F057FA08
:10A88000002849D1286800F069FA002807D0002084
:10A89000A864286800F04BFA002802D03CE00120B0
:10A8A000A864A86C012818D10021286800F06EFA6D
:10A8B000002812D05FF080502EE01B49286800F07D
:10A8C0007EFA002817D10021286800F066F90600FA
:10A8D0003400E40F0098401C00904FF6FF70009980
:10A8E00081420BD2002C09D10021286800F04EFAD9
:10A8F0000028E2D010E05FF080500DE00099814226
:10A9000002D35FF0807007E0700002D50120686418
:10A9100001E000206864002076BD00008C8525429F
:10A92000E5FDFFFFFF054000000010C138B5050040
:10A930000C00002C02D15FF000600CE0296D0904CE
:10A94000286800F0CFFA002805D10021286800F01F
:10A9500024F92060002032BD1CB50400082200212B
:10A960006846FBF713F80021206800F016F9800113
:10A9700002D54FF4006019E06946200000F042F86B
:10A98000002813D1019840030ED5216D09042068D9
:10A9900000F0FCF9002809D10221206800F028FA13
:10A9A000002803D1002001E05FF0806016BD1CB5D7
:10A9B0000400082200216846FAF7E8FF0021206819
:10A9C00000F0EBF8800102D54FF4006019E0694611
:10A9D000200000F017F8002813D10198C0030ED50D
:10A9E000216D0904206800F0D1F9002809D1002167
:10A9F000206800F0FDF9002803D1002001E05FF09D
:10AA0000806016BDF8B588B004000F00FAF70CFCA2
:10AA100005000026082200216846FAF7B7FF082142
:10AA2000206800F0D4F800287CD1216D090420684A
:10AA300000F0ACF9002875D15FF0FF3002900820DB
:10AA40000390302004900220059000200690012001
:10AA5000079002A9206800F0A4F8206800F0E1F94E
:10AA600000285FD12068406B10F02A0F18D12068B1
:10AA7000406B800207D5206800F06DF8694641F808
:10AA80002600761C03E02068406B800408D5FAF7A6
:10AA9000CBFB401B10F1010FE4D15FF0004041E01F
:10AAA0002068406B000704D50820216888630820CF
:10AAB00038E02068406B800704D502202168886355
:10AAC00002202FE02068406B800604D520202168FA
:10AAD0008863202026E040F23A5021688863684667
:10AAE00041684268120212F47F0252EA0162416830
:10AAF000090A11F47F410A43406852EA10623A6041
:10AB0000381D0099009A120212F47F0252EA016283
:10AB10000099090A11F47F410A43009952EA11622F
:10AB20000260002009B0F0BD0EB40022009B019924
:10AB30000B4302990B4303990B4304990B4305996B
:10AB40000B431A434368DFF8AC160B401A434260CC
:10AB5000002003B07047D0F88000704703210160E7
:10AB600000207047006810F00300704710B4002305
:10AB70000A6882604C688A681443CA681443096989
:10AB80000C432343C168090B09030B43C360002036
:10AB900010BC70470069C0B27047143009180868CB
:10ABA000704710B400230A6842624A6882628C6867
:10ABB000CA6814430A69144349690C432343C16AB0
:10ABC00031F0F7010B43C362002010BC704718B589
:10ABD00085B00400009110200190402002900020D8
:10ABE00003904FF48060049069462000FFF7BEFF99
:10ABF00041F288321021200000F08DF906B010BD1E
:10AC000018B585B0040000911120019040200290F9
:10AC1000002003904FF48060049069462000FFF705
:10AC2000A5FF41F288321121200000F074F906B02E
:10AC300010BD18B585B0040000911220019040208D
:10AC40000290002003904FF4806004906946200039
:10AC5000FFF78CFF41F288321221200000F05BF9EF
:10AC600006B010BD18B585B0040000911820019001
:10AC700040200290002003904FF4806004906946C9
:10AC80002000FFF773FF41F288321821200000F006
:10AC900042F906B010BD18B585B004000091192026
:10ACA000019040200290002003904FF480600490B7
:10ACB00069462000FFF75AFF41F28832192120002F
:10ACC00000F029F906B010BD18B585B004000020C9
:10ACD00000900C20019040200290002003904FF43F
:10ACE0008060049069462000FFF740FFDFF80825E8
:10ACF0000C21200000F00FF906B010BD18B585B08A
:10AD00000400009207200190402002900020039050
:10AD10004FF48060049069462000FFF727FF41F25E
:10AD200088320721200000F0F6F806B010BD18B5F3
:10AD300085B00400002000900020019000200290C7
:10AD4000002003904FF48060049069462000FFF7D4
:10AD50000DFF200000F036FA06B010BD18B585B022
:10AD600004004FF4D570009008200190402002901C
:10AD7000002003904FF48060049069462000FFF7A4
:10AD8000F5FE200000F0F2F906B010BD18B585B050
:10AD90000400009137200190402002900020039091
:10ADA0004FF48060049069462000FFF7DFFE41F217
:10ADB00088323721200000F0AEF806B010BD18B57B
:10ADC00085B00400DFF8340401430091292001908C
:10ADD00040200290002003904FF480600490694668
:10ADE0002000FFF7C3FE200000F053F906B010BDAD
:10ADF00018B585B004000091062001904020029013
:10AE0000002003904FF48060049069462000FFF713
:10AE1000ADFE41F288320621200000F07CF806B039
:10AE200010BD18B585B004000020009033200190BB
:10AE300040200290002003904FF480600490694607
:10AE40002000FFF793FE41F288323321200000F00A
:10AE500062F806B010BD18B585B00400002000905F
:10AE600002200190C0200290002003904FF48060E7
:10AE7000049069462000FFF779FE200000F0E0F81A
:10AE800006B010BD18B585B00400009109200190EE
:10AE9000C0200290002003904FF480600490694627
:10AEA0002000FFF763FE200000F0CAF806B010BDD6
:10AEB00030B585B004000D00002000900320019003
:10AEC00040200290002003904FF480600490694677
:10AED0002000FFF74BFE2A000321200000F0FBF8C2
:10AEE00005B030BD18B585B0040000910D2001906B
:10AEF00040200290002003904FF480600490694647
:10AF00002000FFF733FE41F288320D21200000F0CF
:10AF100002F806B010BD38B504000D00DFF8E002FD
:10AF20000068C0084FF47A71B0FBF1F042431000A2
:10AF3000421E00280CD0606B10F0450FF7D00005C2
:10AF4000F5D4606B400706D50420A063042076E0AA
:10AF50005FF0004073E0606BC00703D50120A06381
:10AF600001206CE0C520A0632000FFF713FEEDB2C6
:10AF7000A84201D0012062E000212000FFF70DFE71
:10AF8000A049084201D1002059E0002802D55FF015
:10AF9000007054E0410001D5402050E0810001D50F
:10AFA00080204CE0C10002D54FF4807047E00101E1
:10AFB00002D54FF4007042E0410102D54FF48060A9
:10AFC0003DE0C10102D54FF4006038E0010202D536
:10AFD0004FF4805033E0410202D54FF400502EE090
:10AFE000810202D54FF4804029E0C10202D54FF41E
:10AFF000004024E0410302D55FF400301FE08103EC
:10B0000002D55FF480201AE0C10302D55FF400206E
:10B0100015E0010402D55FF4801010E0410402D570
:10B020005FF400100BE0810402D55FF4800006E0BD
:10B03000000702D55FF4000001E05FF4803032BD0C
:10B040006F490968C9084FF47A72B1FBF2F241F214
:10B0500088314A4311004A1E00290CD0416B11F07F
:10B06000450FF7D00905F5D4416B490706D50421F2
:10B07000816304200CE05FF0004009E0416BC907E8
:10B0800003D501218163012002E0C52181630020F5
:10B0900070475B490968C9084FF47A72B1FBF2F254
:10B0A00041F288314A4311004A1E00290CD0416BFD
:10B0B00011F0450FF7D00905F5D4416B490706D5C6
:10B0C00004218163042005E05FF0004002E0C52117
:10B0D00081630020704770B505000E0014004848D9
:10B0E0000068C0084FF47A71B0FBF1F141F288308A
:10B0F00041430800411E00280CD0686B10F0450F3A
:10B10000F7D00005F5D4686B400706D50420A86386
:10B1100004202AE05FF0004027E0686BC00703D5F9
:10B120000120A863012020E02800FFF733FDF6B2DC
:10B13000B04201D0012018E0C520A86300212800FA
:10B14000FFF72BFD10F4604F03D1000C208000208E
:10B150000BE0410402D54FF4005006E0000402D594
:10B160004FF4805001E05FF4803070BD24490968DD
:10B17000C9084FF47A72B1FBF2F241F288314A43C6
:10B1800011004A1E00290CD0416B11F0450FF7D079
:10B190000905F5D4416B490706D5042181630420D4
:10B1A0000FE05FF000400CE0416BC90703D50121BF
:10B1B0008163012005E0416B490601D5402181638F
:10B1C000002070470E490968C9084FF47A72B1FB34
:10B1D000F2F241F288314A4311004A1E002906D09A
:10B1E000416B0906F8D5C5218163002070475FF0E7
:10B1F0000040FBE70081FFFF00E1F5050000108043
:10B20000E401002008E0FFFD704780B500F0EAF897
:10B2100001BD000038B50400FAF7C7FD0500FAF7D4
:10B22000C4FD401BA04205D200F0ECF80028F6D186
:10B23000002001E05FF0FF3032BD10B56F4C0120FF
:10B24000207000F0DFF8002803D1207810F0FE0015
:10B250002070207810BD38B50400684D012028709A
:10B26000FAF777FD02281CD100F0DAF8002804D1A3
:10B270002000C0B2FFF7E1FF28702878012810D025
:10B280005F4C2068002805D1002202210A20FAF72D
:10B2900010FF20602068002803D1287850F00100BA
:10B2A0002870287832BD80B5C0B2FFF7C6FF02BD56
:10B2B0002DE9FC410E0017009846012447F2305555
:10B2C0002800FFF7A7FF002802D52000C0B223E026
:10B2D00042463900300000F0C1F8C0B2002819D150
:10B2E0002B000022694646480068FAF76DFF0028E7
:10B2F00010D1BDF8000001280CD1FAF756FD060068
:10B30000FAF753FD801BA84204D200F07BF8002816
:10B31000F6D100242000C0B2BDE8F6812DE9FC4141
:10B320000C0015001E00012747F230584046FFF779
:10B3300071FF002802D53800C0B222E03200290097
:10B34000200000F09BF8002819D1434600226946EE
:10B350002B480068FAF738FF002810D1BDF800002C
:10B3600002280CD1FAF721FD0400FAF71EFD001B9C
:10B37000404504D200F046F80028F6D100273800F6
:10B38000C0B2BDE8F68110B588B0140001201B489A
:10B390000078C00701D5032022E0C9B2002905D0FA
:10B3A00002290CD004D3032910D017E0002016E0A6
:10B3B000684600F073F80698206000200FE06846A9
:10B3C00000F06CF807982080002008E0684600F044
:10B3D00065F80798400A2060002000E00420C0B211
:10B3E00008B010BD80B50120ADF800000023002298
:10B3F000694603480068FAF7A6FE01BD2F03002046
:10B400009463002080B50548FFF749F9042801D16D
:10B41000002000E00120C0B202BD00BF905A002011
:10B4200038B5002000F042F8012801D0012012E0D8
:10B43000094D2800FEF7F4FD04002000C0B20028EA
:10B4400007D14FF400612800FFF7C3F8002800D0AF
:10B4500001242000C0B232BD905A002010B5130064
:10B4600000240A0001000448FEF756FE002800D020
:10B4700001242000C0B210BD905A002010B5130066
:10B4800000240A0001000448FEF7EDFE002800D069
:10B4900001242000C0B210BD905A002080B50100E8
:10B4A0000148FFF784F801BD905A002080B50120C3
:10B4B0008DF8000000F008F8002802D100208DF877
:10B4C00000009DF8000002BD10B5012408210448C9
:10B4D000FAF751FB002800D000242000C0B210BDB4
:10B4E000000C024070B5002000204FF4806433E06F
:10B4F000200080B2B0F5004F2DD1200080B200F0C6
:10B5000017F97D4E00013044C568200080B200F07C
:10B510000FF9000130448168080000281BD0280082
:10B52000884718E0200080B2B0F5804FE0D12000BD
:10B5300080B200F0FDF8704E00013044C568200074
:10B5400080B200F0F5F8000130448168080000285E
:10B5500001D0280088476400200080B248F2010131
:10B56000884270DA65480168220092B21142F2D036
:10B57000210089B20160200080B2B0F5806F14D143
:10B58000200080B200F0D4F85B4E00013044C56862
:10B59000200080B200F0CCF800013044816808003F
:10B5A0000028D8D028008847D5E7200080B2B0F521
:10B5B000006F14D1200080B200F0BAF84E4E0001A6
:10B5C0003044C568200080B200F0B2F80001304479
:10B5D000816808000028BED028008847BBE720000B
:10B5E00080B2B0F5805F14D1200080B200F0A0F8E6
:10B5F000414E00013044C568200080B200F098F848
:10B6000000013044816808000028A4D02800884741
:10B61000A1E7200080B2B0F5005F83D1200080B2A6
:10B6200000F086F8344E00013044C568200080B236
:10B6300000F07EF8000130448168080000288AD0BC
:10B640002800884787E770BD80B52D48F9F7FDFED3
:10B6500001BD80B52B4A2C480168914204D32B4987
:10B66000096811F0006115E00168294B994204D383
:10B670002849096811F000610CE00168264B9942E5
:10B6800004D32649096811F0006103E024490968E0
:10B6900011F00061002902D0F9F7D7FE26E0214819
:10B6A0000168914204D31949096811F0006115E05D
:10B6B0000168174A914204D31649096811F00061E4
:10B6C0000CE00168144A914204D31449096811F04E
:10B6D000006103E01249096811F00061002905D0FA
:10B6E000F9F7B3FE1048806CF9F7AFFE01BD80B5E5
:10B6F0000E48F9F7AAFE01BD28570020143C01406E
:10B70000D45B002059640240345C00200464024091
:10B71000B960024000640240596002400460024087
:10B7200000600240145B002030000020945C002088
:10B730000200100080B2002802D15FF0FF300DE05F
:10B74000002002E092B25208401C110089B2002988
:10B7500002D0D107F6D501E05FF0FF30704700005E
:10B7600010B50446AFF30080204600F005F804460B
:10B77000AFF30080204610BDF8B500F10F04E408D7
:10B78000E400A0422BD2082C04D2082402E00830A6
:10B7900000F047F8DFF800211368190005D10020F8
:10B7A00007E00568A5420DD2011D08680028F8D100
:10B7B0001868111D00E0191D0B6883420BD01D682D
:10B7C000A542F8D359B10B6818680838A04208D2CE
:10B7D000586808600FE000F061F80028D7D1002019
:10B7E000F2BD181908601D1D586828511E680F68A1
:10B7F000361B3E601C60096800291DBF4868002890
:10B80000081D0020106003F10800F2BD10B504000F
:10B8100006D0AFF30080204600F003F8AFF30080BD
:10B8200010BD002800D1704770B4A0F10802136861
:10B83000072B2ED913F0070F2BD1DFF85C4061687E
:10B8400009B18A4203D25160626015E0014648683E
:10B8500008B19042FAD308680E18B24219D3964242
:10B8600003D11B180B600A4606E0486810B1134468
:10B8700098420ED350604A60506850B11368D51892
:10B88000854206D1002626600168CB181360406807
:10B89000506070BC704700003063002007490868A2
:10B8A00008B1002070470648C008C000086005497C
:10B8B000C908C900091A0160704700BFFC63002075
:10B8C0000F680020086A002038B5040041F2140512
:10B8D0002068405940060CD5206841F21C014058B0
:10B8E000400606D5DFF8CC0021684851200000F062
:10B8F00067F820684059C0070CD5206841F21C0148
:10B900004058C00706D55FF001102168485120005B
:10B9100000F05DF82068405900042CD541F21C016C
:10B9200020684058000426D5D4F8880050F008005C
:10B93000C4F8880020684059800410D52068425916
:10B94000DFF874000240C4F88C202068405830F4BE
:10B95000C03022685050E020C4F8840008E048F26B
:10B960008060216849590140C4F88C102168485111
:10B97000200000F033F82068806B00070BD52068AA
:10B98000C06A10F06000C4F89400200000F036F89F
:10B990000020C4F89400DFF824000168090305D5ED
:10B9A0005FF400210160200000F029F831BDD0F8DB
:10B9B0008C0070474000010000207E00143C0140D4
:10B9C00080B5DFF830000068FAF747FB01BD80B5AD
:10B9D000DFF824000068FAF740FB01BD80B5FFF7EF
:10B9E000E6FF000604D5DFF80C000068FAF735FB27
:10B9F00001BD0000586300205C6300207047704761
:10BA00002DE9F04107468846387810F0030F1646B6
:10BA10001D4633D0384600F099F878BBB8F1000FD6
:10BA20001CBFD8E900018619012D2ED13888C10428
:10BA300015D5396A07F14402384600F0A3F83A6B8D
:10BA4000044602B93A69F968384600F09BF8361B9B
:10BA5000341A7A69F968384600F094F8261A1EB943
:10BA60004DB916F1010F09D097F903002A46314666
:10BA700000F0A8F8064616F1010F09D12320AFF314
:10BA800000804FF0FF30BDE8F081022DE8D1EBE7F8
:10BA9000388810F4405F0ED07868F86038617861BB
:10BAA000B86107F144017868F861396207F1300044
:10BAB000002178623963B8F1000F05D0D8E902019E
:10BAC00007F13402C2E900013B884CF6FF600340F5
:10BAD0003B800020BDE8F08170B50546AFF30080E3
:10BAE000288881042DD56E68002400E00644EA68A9
:10BAF00095F903003146914208D2521A00F048F8F5
:10BB000010F1010F09D00028F0D106E00022002139
:10BB100000F03EF810F1010F00D101246868E860E0
:10BB2000A861E861298844B141F400712980284660
:10BB3000AFF300804FF0FF3070BD4DF6FF70014055
:10BB400029802846AFF30080002070BDF8B5A0B969
:10BB5000AFF3008000250A4E08244FF0FF3730680D
:10BB600020B1FFF7B9FF002848BF3D46361D641ECF
:10BB7000F5D1AFF300802846F2BDBDE8F240ABE757
:10BB80000C030020914234BF511A0021084670472F
:10BB900010B51400012807D0022805D009200F494C
:10BBA00008605FF0FF300CE05FF0FF332000020020
:10BBB00092B20B48F8F76BFAC0B2002800D000240C
:10BBC000200010BD002070470220044908605FF08B
:10BBD000FF3070475FF0FF30704700008C6300203B
:10BBE000F800002010B50446E068A169884251D3EE
:10BBF000218849F202030B40022B08D008044CBFF5
:10BC00004FF400704FF48440014321803BE001F485
:10BC1000C042B2F5C04F06D1A168884203D3204686
:10BC2000FFF794FF78BB208810F4406F02BF606874
:10BC300004F14401884217D14FF40070FFF790FDE2
:10BC4000606030B904F144006060E060401CA060B6
:10BC50000AE0218841F040012180E060606100F548
:10BC600000726068A260E0616068A1682061A16103
:10BC7000207841070AD502220021204600F00CF866
:10BC800010F1010F02D14FF0FF3010BD208840F4B9
:10BC9000C0402080002010BD70B504460D461646F9
:10BCA000AFF3008033462A4600212046FFF7A8FE66
:10BCB00005462046AFF30080284670BD82B001786B
:10BCC0000A062FD523490B6800930022834203D133
:10BCD000002341F8223022E04B6800930122834286
:10BCE0001FBF02228B6800938342F1D0CB68009380
:10BCF000032283421FBF04220B6900938342E7D0D3
:10BD00004B690093052283421FBF06228B69009373
:10BD10008342DDD00722CB6900938342D8D002B0A2
:10BD200000F01AB8002101804FF0FF3200F1440109
:10BD3000C270C1604161C16100F1440300F144027D
:10BD400000F130014360026182610262416202B02F
:10BD5000704700000C030020FFF758BD38B5040001
:10BD60000ED0207810F0030F03D094F903000028C0
:10BD700009D5AFF300802046FFF7A0FFAFF30080A6
:10BD80004FF0FF3032BD2046FFF7E0FE0546AFF32F
:10BD900000802078410644BF6068FFF7DDFF002087
:10BDA000606094F90300022804D9FFF713FF08B17B
:10BDB0004FF0FF35E06B48B1FFF706FF08B14FF0D9
:10BDC000FF35E06BFFF7C8FF0020E0632046FFF778
:10BDD00075FFAFF30080284632BDF0B4024610680C
:10BDE00095681318506803EB5004C0071CD54D44E8
:10BDF0001AE013F8017B05F8017B491EF9D198B1CF
:10BE000013F8011BC6F38106032E08BF13F8016B5C
:10BE100001EB06214942801C294405D011F8016B31
:10BE200005F8016B401EF9D1A3420ED013F8016B47
:10BE300016F0030104BF13F8011BC91C30090F28B9
:10BE4000DBD113F8010B0F30D7E7F0BC02F10C0087
:10BE500070470000FEE7FEE7FEE7FEE7FEE77047FB
:10BE600080B50120F9F79AFE01BD704780B510201A
:10BE7000F9F794FE01BD80B52020F9F78FFE402030
:10BE8000F9F78CFE8020F9F789FE4FF48070F9F7FE
:10BE900085FE4FF40070F9F781FE01BD80B50448BE
:10BEA000FAF79AFB01BD80B50248FFF70DFD01BD11
:10BEB000F86000202858002038B50C46C5B220464E
:10BEC000AFF30080E068A169884204D32046FFF701
:10BED00089FE00280FD4E068401CE06000F8015D96
:10BEE0002088010503D440050BD50A2D09D1204631
:10BEF000FFF72CFE28B12046AFF300804FF0FF3053
:10BF000032BD2046AFF30080284632BD38B50D4D16
:10BF10000824286800281CBF017811F0030F05D001
:10BF200090F90310002958BFFFF718FF2D1D641E5C
:10BF3000EFD1BDE83840002200214FF0FF30FFF77D
:10BF400027BE00BF0C03002010B507497944183103
:10BF5000064C7C44163404E00A68081D11448847E6
:10BF60000146A142F8D110BD9C000000B8000000BD
:10BF700004480121017000787047024801210170D6
:10BF80000078704731030020002070470020704780
:10BF90000120C0B27047000074C10008000000001A
:10BFA0000000000000000000000000000008000089
:10BFB00018000000000000000000000054C200084B
:10BFC0000000000000000000000000000000000071
:10BFD0000004000018000000000000000000000045
:10BFE0004EF68851CEF20001086840F470000860F7
:10BFF000BFF34F8FBFF36F8F4FF00070E1EE100A69
:10C00000704700004751FFFFD0600000340300205C
:10C0100000000000C7FDFFFF74030000A601000040
:10C0200000000020000000000800000010000000D8
:10C030001800000020000000280000003000000070
:10C0400038000000020000000400000008000000AA
:10C0500010000000200000004000000080000000F0
:10C060000001000000F00DF8002801D0FFF76CFF80
:10C07000AFF300800020AFF30080FAF7EFFD00F08F
:10C0800002F80120704700F001B800000746FFF7F2
:10C090003DFF3846F5F7E2FEFBE7000048414C5F04
:10C0A000554152545F5472616E736D69745F444DB3
:10C0B000413A25640D0A000038B504460D4628466D
:10C0C00000F006F8A84218BF0024204632BD000048
:10C0D0000149FFF7F1BE00BF7C0200204154343516
:10C0E0004442363431452D53484E32420000000060
:10C0F000253032643A253032643A253032640D0AF4
:10C100000000000057B20008A7B20008B1B2000852
:10C110001DB3000887B3000841543435444233321C
:10C1200031442D53550000000000000000000000C5
:10C13000DB910008AF900008000000000000000044
:10C140000102030406070809014880470148004727
:10C1500059C1000881C100080248016851F470010A
:10C160000160704788ED00E0000000000000000062
:10C170000000000064656661756C745461736B0047
:10C18000AFF30080FFF72CFFFFF76CFFB9880008C2
:10C1900063880008F18D00080000000000000240E4
:10C1A000001000000018024000800000001C024047
:10C1B000400000000000024000800000001002402B
:10C1C00020000000000C024080000000002002401F
:10C1D000010000000018024000200000001802408A
:10C1E0000040000000040240000100000004024082
:10C1F00000020000000C0240400000000008024065
:10C200000100000000080240040000000008024095
:10C210000800000000140240000200000014024068
:10C220000004000000180240400000000018024016
:10C23000800000000018024000010000050000001E
:10C240000A0000000006101600061016000000008C
:10C2500001020304636D645461736B0049444C45EF
:10C2600000000000546D722053766300546D7251CB
:10C2700000000000686A6C747A4C00003D2A7FA9B7
:10C280003D2A80A6FFFFFF0008000000F0E300E069
:10C29000FFF7FEBFFFF7FEBFFFF7FEBFFFF7FEBFD2
:10C2A000FFF7FEBFFFF7FEBFFFF7FEBFFFF7FEBFC2
:10C2B000FFF7FEBFFFF7FEBFFFF7FEBFFFF7FEBFB2
:10C2C000FFF7FEBFFFF7FEBFFFF7FEBFFFF7FEBFA2
:10C2D000FFF7FEBFFFF7FEBFFFF7FEBFFFF7FEBF92
:10C2E000FFF7FEBFFFF7FEBFFFF7FEBFFFF7FEBF82
:10C2F000FFF7FEBFFFF7FEBFFFF7FEBFFFF7FEBF72
:10C30000FFF7FEBFFFF7FEBFFFF7FEBFFFF7FEBF61
:10C31000FFF7FEBFFFF7FEBFFFF7FEBFFFF7FEBF51
:10C32000FFF7FEBFFFF7FEBFFFF7FEBFFFF7FEBF41
:10C33000FFF7FEBFFFF7FEBFFFF7FEBFFFF7FEBF31
:10C34000FFF7FEBFFFF7FEBFFFF7FEBFFFF7FEBF21
:10C35000FFF7FEBFFFF7FEBFFFF7FEBFFFF7FEBF11
:10C36000FFF7FEBFFFF7FEBFFFF7FEBFFFF7FEBF01
:10C37000FFF7FEBFFFF7FEBFFFF7FEBFFFF7FEBFF1
:10C38000FFF7FEBFFFF7FEBFFFF7FEBFF01104B5DA
:10C390009E0008F594000805950008001C02400066
:10C3A00002000130020C0000201AF002433001406C
:10C3B0000001F34538005842105613F38BE4100285
:10C3C0008C00081304122F04F3320010C8F2324814
:10C3D000B4F231148856F89C433C0108528008128C
:10C3E000AA0131FF100624F40071BF00087B04127B
:10C3F0008904128D04129104F3092A130452FF01D7
:10C40000E32A121410090000010400007802002041
:10C4100079045278042167A10852640CF10B0110D1
:10C420000702040101405F002090045240042134BF
:10C43000610812C044F213AC484003080202F05EE7
:10C44000402108210421346108F003120803002070
:0FC45000F448123424127C04F207C42C22010198
:040000050800C181AD
:00000001FF
